Country Name,Country Code,Indicator Name,Indicator Code,1960,1961,1962,1963,1964,1965,1966,1967,1968,1969,1970,1971,1972,1973,1974,1975,1976,1977,1978,1979,1980,1981,1982,1983,1984,1985,1986,1987,1988,1989,1990,1991,1992,1993,1994,1995,1996,1997,1998,1999,2000,2001,2002,2003,2004,2005,2006,2007,2008,2009,2010,2011,2012,2013,2014,2015,2016,2017,2018,2019
Aruba,ABW,Scientific and technical journal articles,IP.JRN.ARTC.SC,,,,,,,,,,,,,,,,,,,,,,,,,,,,,,,,,,,,,,,,,,,,,,,,,,,,,,,,,,,,
Afghanistan,AFG,Scientific and technical journal articles,IP.JRN.ARTC.SC,,,,,,,,,,,,,,,,,,,,,,,,,,,,,,,,,,,,,,,,,4,1,4.5,8.34,5.75,9.15,13.69,14.23,12.5,26.3,27.93,39.62,34.15,27.81,34.69,22.2,81.64,91.89,111.72,
Angola,AGO,Scientific and technical journal articles,IP.JRN.ARTC.SC,,,,,,,,,,,,,,,,,,,,,,,,,,,,,,,,,,,,,,,,,7.17,10.58,15.13,5.89,9.23,10.04,12.4,10.16,10.85,13.78,14.68,17.78,22.38,23.85,33.48,31.59,39.97,55.5,30.12,
Albania,ALB,Scientific and technical journal articles,IP.JRN.ARTC.SC,,,,,,,,,,,,,,,,,,,,,,,,,,,,,,,,,,,,,,,,,22.34,18.71,24.53,23.82,17.91,24.48,27.22,40.88,51.85,70.35,137.23,146.82,165.75,162.65,180.39,177.8,185.87,149.54,180.36,
Andorra,AND,Scientific and technical journal articles,IP.JRN.ARTC.SC,,,,,,,,,,,,,,,,,,,,,,,,,,,,,,,,,,,,,,,,,0,2.64,0.5,4.7,1.31,4.93,5.02,6.16,1.68,2.55,1.2,0.91,3.58,5.26,4.18,8.08,7.99,2.01,3.6,
Arab World,ARB,Scientific and technical journal articles,IP.JRN.ARTC.SC,,,,,,,,,,,,,,,,,,,,,,,,,,,,,,,,,,,,,,,,,8706.12278085886,9416.82137462783,9814.77538302418,11006.269555768,11998.5264080698,12881.0940952697,14660.699923625,16289.5910238796,18488.3,21995.36,24588.6,27827.58,31593.37,35017.79,37822.7,40957.6,45676.13,50420.03,58771.07,
United Arab Emirates,ARE,Scientific and technical journal articles,IP.JRN.ARTC.SC,,,,,,,,,,,,,,,,,,,,,,,,,,,,,,,,,,,,,,,,,330.44,380.58,399.54,539.87,555.02,704.31,824.69,757.57,908.14,1034.18,1265.13,1421.83,1625.96,1765.77,1816.5,2294.58,2484.16,2899.67,3144.89,
Argentina,ARG,Scientific and technical journal articles,IP.JRN.ARTC.SC,,,,,,,,,,,,,,,,,,,,,,,,,,,,,,,,,,,,,,,,,4385.98,4501.47,4811.32,4598.69,4702.95,4964.45,5587.62,5684.67,6270.29,6897.38,7236.62,7733.75,7842.75,7994.13,8464.74,8370.01,8593.36,8704.3,8811.13,
Armenia,ARM,Scientific and technical journal articles,IP.JRN.ARTC.SC,,,,,,,,,,,,,,,,,,,,,,,,,,,,,,,,,,,,,,,,,346.29,305.85,315.85,317.38,343.09,388.1,349.34,391.91,374.22,433.78,487.46,586.85,548.17,539.92,544.54,531.24,530.82,511.24,521.33,
American Samoa,ASM,Scientific and technical journal articles,IP.JRN.ARTC.SC,,,,,,,,,,,,,,,,,,,,,,,,,,,,,,,,,,,,,,,,,,,,,,,,,,,,,,,,,,,,
Antigua and Barbuda,ATG,Scientific and technical journal articles,IP.JRN.ARTC.SC,,,,,,,,,,,,,,,,,,,,,,,,,,,,,,,,,,,,,,,,,0.25,1,2.08,1.83,0.67,1.79,1.58,5.25,5.29,3.78,2.19,0.85,2.08,2.72,1.95,3.3,7.64,5.2,5.63,
Australia,AUS,Scientific and technical journal articles,IP.JRN.ARTC.SC,,,,,,,,,,,,,,,,,,,,,,,,,,,,,,,,,,,,,,,,,23275.99,23618.28,24160.35,25337.6,27411.6,31348.58,33487.61,36024.47,37173.55,39121.67,41687.77,45026.57,46511.75,50340.27,52666.28,52945.01,53781.62,53428.79,53610.22,
Austria,AUT,Scientific and technical journal articles,IP.JRN.ARTC.SC,,,,,,,,,,,,,,,,,,,,,,,,,,,,,,,,,,,,,,,,,6577.35,7034.68,7475.58,7823.88,8080.18,8908.29,9109.26,9902.9,10329.47,10893.44,11108.33,11767.52,12201.72,12404.51,12660.94,12911.21,12792.84,12850.61,12362.28,
Azerbaijan,AZE,Scientific and technical journal articles,IP.JRN.ARTC.SC,,,,,,,,,,,,,,,,,,,,,,,,,,,,,,,,,,,,,,,,,154.76,159.12,245.05,273.2,350.2,348.53,279.11,414.86,477.39,624.91,595.22,638.11,679.27,470.64,395.23,451.68,593.56,736.71,761.43,
Burundi,BDI,Scientific and technical journal articles,IP.JRN.ARTC.SC,,,,,,,,,,,,,,,,,,,,,,,,,,,,,,,,,,,,,,,,,1.65,3.58,0.93,4.42,5.02,3.8,5.63,4.48,2.54,3.33,12.57,9.52,10.65,14.78,14.16,13.44,13.72,13.19,21.12,
Belgium,BEL,Scientific and technical journal articles,IP.JRN.ARTC.SC,,,,,,,,,,,,,,,,,,,,,,,,,,,,,,,,,,,,,,,,,9723.01,10101.71,10402.85,10918.31,11585.74,12776.16,13023.65,13798.7,14434.37,14951.67,15211.5,15806.72,16548.11,16779.18,17143.34,16724.04,16763.94,16278.27,15688.13,
Benin,BEN,Scientific and technical journal articles,IP.JRN.ARTC.SC,,,,,,,,,,,,,,,,,,,,,,,,,,,,,,,,,,,,,,,,,43.48,42.37,44.73,45.92,60.84,58.94,76.79,93.03,93.93,121.83,103.47,132,143.66,184,183.15,187.97,175.83,209.42,227.74,
Burkina Faso,BFA,Scientific and technical journal articles,IP.JRN.ARTC.SC,,,,,,,,,,,,,,,,,,,,,,,,,,,,,,,,,,,,,,,,,48.02,64,71.81,75.29,70.82,70.27,103.33,111.78,120.27,132.09,128.12,155.77,206.78,176.43,196.18,229.5,220.41,216.88,251.99,
Bangladesh,BGD,Scientific and technical journal articles,IP.JRN.ARTC.SC,,,,,,,,,,,,,,,,,,,,,,,,,,,,,,,,,,,,,,,,,440.02,438.31,433.09,577.19,536.54,600.36,709.05,992.89,1113.74,1220.94,1480.48,1467.45,1990.1,1926.67,2336.1,2240.17,2645.7,2990.72,3135.08,
Bulgaria,BGR,Scientific and technical journal articles,IP.JRN.ARTC.SC,,,,,,,,,,,,,,,,,,,,,,,,,,,,,,,,,,,,,,,,,1652.95,1646.64,1688.02,1699.24,1831.44,2000.45,1904.57,2451.79,2336.22,2689.9,2627.76,2475.9,2656.48,2685.04,2676.19,2558.33,2557.01,2808.03,3311.27,
Bahrain,BHR,Scientific and technical journal articles,IP.JRN.ARTC.SC,,,,,,,,,,,,,,,,,,,,,,,,,,,,,,,,,,,,,,,,,82.53,82.76,67.33,130.15,139.96,161.53,180.92,172.91,156.31,189.88,211.5,179.46,160.77,241.31,213.26,180.26,220.98,259.34,321.51,
"Bahamas, The",BHS,Scientific and technical journal articles,IP.JRN.ARTC.SC,,,,,,,,,,,,,,,,,,,,,,,,,,,,,,,,,,,,,,,,,1.7,5.19,4.13,3.66,3.03,7.37,6.12,11.14,6.05,9.83,9.2,10.77,8.01,18.89,15.56,12.77,12.91,20.4,19.77,
Bosnia and Herzegovina,BIH,Scientific and technical journal articles,IP.JRN.ARTC.SC,,,,,,,,,,,,,,,,,,,,,,,,,,,,,,,,,,,,,,,,,74.59,66.14,108.91,151.74,199.34,250.03,285.9,312.53,396.82,443.34,482.17,539.74,540.99,486,482.98,568.22,568.38,724.8,703.79,
Belarus,BLR,Scientific and technical journal articles,IP.JRN.ARTC.SC,,,,,,,,,,,,,,,,,,,,,,,,,,,,,,,,,,,,,,,,,1170.05,1260.38,1264.88,1233.93,1225.92,1302.2,1163.43,1300.93,1048.25,1167.91,1061.94,1097.17,1032.04,1099.19,1056.66,976.31,1008.55,1064.9,1179.81,
Belize,BLZ,Scientific and technical journal articles,IP.JRN.ARTC.SC,,,,,,,,,,,,,,,,,,,,,,,,,,,,,,,,,,,,,,,,,0.62,2,1.91,4.76,4.92,5.83,4.83,2.23,3.64,8.33,10.71,3.26,8.28,8.56,5.16,7.64,5.88,11.38,9.11,
Bermuda,BMU,Scientific and technical journal articles,IP.JRN.ARTC.SC,,,,,,,,,,,,,,,,,,,,,,,,,,,,,,,,,,,,,,,,,,,,,,,,,,,,,,,,,,,,
Bolivia,BOL,Scientific and technical journal articles,IP.JRN.ARTC.SC,,,,,,,,,,,,,,,,,,,,,,,,,,,,,,,,,,,,,,,,,38.82,41.44,44.75,50.3,44.6,62.85,68.47,85.28,94.35,85.34,77.09,84.29,85.78,89.9,91.35,86.82,92.4,88.05,102.8,
Brazil,BRA,Scientific and technical journal articles,IP.JRN.ARTC.SC,,,,,,,,,,,,,,,,,,,,,,,,,,,,,,,,,,,,,,,,,12783.45,13944.64,16148.98,17585.44,19814.08,22304.02,28348.73,31059.14,35489.96,38551.09,41666.17,44353.74,48282.01,50497.9,52632.41,53064.56,55181.31,58022.38,60147.96,
Barbados,BRB,Scientific and technical journal articles,IP.JRN.ARTC.SC,,,,,,,,,,,,,,,,,,,,,,,,,,,,,,,,,,,,,,,,,27.96,44.08,37.34,42.28,54.09,37.07,49.29,49.82,43.14,37.63,29.34,35.53,48.49,40.58,47.55,54.96,53.46,48.84,37.97,
Brunei Darussalam,BRN,Scientific and technical journal articles,IP.JRN.ARTC.SC,,,,,,,,,,,,,,,,,,,,,,,,,,,,,,,,,,,,,,,,,37.73,31.33,24.1,37.66,36.62,34.14,40.16,43.07,51.82,49.64,57.16,79.35,113.35,122.8,190.14,177.77,230.04,214.24,293.91,
Bhutan,BTN,Scientific and technical journal articles,IP.JRN.ARTC.SC,,,,,,,,,,,,,,,,,,,,,,,,,,,,,,,,,,,,,,,,,1.08,1,6.23,3.66,9.36,5.98,17.38,8.58,6.64,11.55,17.79,17.75,17.22,28.8,28.36,25.18,42.02,44.3,52.64,
Botswana,BWA,Scientific and technical journal articles,IP.JRN.ARTC.SC,,,,,,,,,,,,,,,,,,,,,,,,,,,,,,,,,,,,,,,,,109.79,98.82,117.17,124.59,131.92,119.19,186.28,149.26,160.63,162.66,160.99,163.72,157.49,171.81,207.35,160.83,252.46,234.51,280.57,
Central African Republic,CAF,Scientific and technical journal articles,IP.JRN.ARTC.SC,,,,,,,,,,,,,,,,,,,,,,,,,,,,,,,,,,,,,,,,,6.13,6.87,3.72,10.41,10.4,8.56,13.41,8.5,10.14,11.05,14.35,15.16,10.58,12.59,18.23,13.65,27.88,18.96,20.47,
Canada,CAN,Scientific and technical journal articles,IP.JRN.ARTC.SC,,,,,,,,,,,,,,,,,,,,,,,,,,,,,,,,,,,,,,,,,33854.39,33374.29,36153.2,38040.42,41974.14,47256.69,49158.88,52152.72,53295.51,55378.23,56294.52,57594.93,59607.51,59902.46,60774.68,60533.24,60045,60214.84,59967.79,
Central Europe and the Baltics,CEB,Scientific and technical journal articles,IP.JRN.ARTC.SC,,,,,,,,,,,,,,,,,,,,,,,,,,,,,,,,,,,,,,,,,33671.28,35627.82,38268.14,40431.62,44156.98,49673.44,52655.71,57792.2,64663.77,67067.45,71404.58,75155.85,78287.13,80313.08,84561.24,88013.6,89054.26,90981.03,89500.84,
Switzerland,CHE,Scientific and technical journal articles,IP.JRN.ARTC.SC,,,,,,,,,,,,,,,,,,,,,,,,,,,,,,,,,,,,,,,,,12581.18,12241.1,12412.04,13077.35,14116.55,15424.76,16402.79,16914.5,17372.8,17985.74,18749.79,19841.32,21002.95,21596.49,22142.67,21866.6,21952.33,22420.65,21378.56,
Channel Islands,CHI,Scientific and technical journal articles,IP.JRN.ARTC.SC,,,,,,,,,,,,,,,,,,,,,,,,,,,,,,,,,,,,,,,,,,,,,,,,,,,,,,,,,,,,
Chile,CHL,Scientific and technical journal articles,IP.JRN.ARTC.SC,,,,,,,,,,,,,,,,,,,,,,,,,,,,,,,,,,,,,,,,,1557.36,1633.56,2069.52,2090.21,2239.69,2512.22,3112.32,3265.02,3734.74,3979.09,4111.13,4475.84,4967.15,5038.61,5806.96,6037.51,6639.23,6791.32,7121.74,
China,CHN,Scientific and technical journal articles,IP.JRN.ARTC.SC,,,,,,,,,,,,,,,,,,,,,,,,,,,,,,,,,,,,,,,,,53064.35,70439.37,74015.97,86912,120362.55,165335.65,189949.47,215206.94,249048.56,286371.91,312516.81,326770.84,329015.38,359274.07,390396.24,407974.61,438348.74,473438.51,528263.25,
Cote d'Ivoire,CIV,Scientific and technical journal articles,IP.JRN.ARTC.SC,,,,,,,,,,,,,,,,,,,,,,,,,,,,,,,,,,,,,,,,,76.76,80.14,78.97,97.54,106.3,100.74,98.53,120.02,165.07,154.33,156.65,182.65,187.37,164.72,180.4,191.85,170.87,197.66,248.14,
Cameroon,CMR,Scientific and technical journal articles,IP.JRN.ARTC.SC,,,,,,,,,,,,,,,,,,,,,,,,,,,,,,,,,,,,,,,,,120.57,151.21,190.66,207.96,213.07,280.31,318.16,337.68,329.97,359.38,374.53,428.84,438.28,523.78,604.56,638.47,699.72,800.58,875.62,
"Congo, Dem. Rep.",COD,Scientific and technical journal articles,IP.JRN.ARTC.SC,,,,,,,,,,,,,,,,,,,,,,,,,,,,,,,,,,,,,,,,,13.01,8.88,10.52,15.24,13.74,23.05,24.69,32.41,39.47,44.55,52.24,45.5,71.43,80.77,119.87,124.13,109.19,135.94,148.72,
"Congo, Rep.",COG,Scientific and technical journal articles,IP.JRN.ARTC.SC,,,,,,,,,,,,,,,,,,,,,,,,,,,,,,,,,,,,,,,,,17.35,16.34,23.93,33.59,39.1,45.12,45.94,47.06,50.11,42.44,48.06,51.43,57.59,58.48,76.12,69.35,79.25,74.33,66.68,
Colombia,COL,Scientific and technical journal articles,IP.JRN.ARTC.SC,,,,,,,,,,,,,,,,,,,,,,,,,,,,,,,,,,,,,,,,,534.68,538.62,680.56,715.79,842.07,975.42,1401.91,1587.54,2374.14,2716.76,3168.15,3541.21,4124.71,4589.7,5173.66,5409.93,6292.29,6681.57,7195.02,
Comoros,COM,Scientific and technical journal articles,IP.JRN.ARTC.SC,,,,,,,,,,,,,,,,,,,,,,,,,,,,,,,,,,,,,,,,,0.98,0.2,0.2,0.33,1.17,2.4,1.17,3.59,0.74,0.76,2.15,3.95,1.2,13.93,1.51,2.49,4.84,3.84,3.28,
Cabo Verde,CPV,Scientific and technical journal articles,IP.JRN.ARTC.SC,,,,,,,,,,,,,,,,,,,,,,,,,,,,,,,,,,,,,,,,,0.25,0.67,0.17,2.39,1.63,0.37,4.14,2.67,2.47,5.04,3.55,2.7,4.22,7.69,8.99,10.55,8.14,14.98,8.69,
Costa Rica,CRI,Scientific and technical journal articles,IP.JRN.ARTC.SC,,,,,,,,,,,,,,,,,,,,,,,,,,,,,,,,,,,,,,,,,123.27,167.74,163.6,152.41,218.35,219.89,220.2,227.19,248.56,252.12,261.15,265.66,310.97,276.98,363.67,361.64,388.92,496.72,507.41,
Caribbean small states,CSS,Scientific and technical journal articles,IP.JRN.ARTC.SC,,,,,,,,,,,,,,,,,,,,,,,,,,,,,,,,,,,,,,,,,247.399471719126,336.458015995882,324.178088407374,334.234306629324,384.385446608966,408.326443270565,379.097435237782,458.817455436635,485.600782706925,523.92,508.33,535.94,561.5,535.13,638.89,470.79,561.53,595.93,567.95,
Cuba,CUB,Scientific and technical journal articles,IP.JRN.ARTC.SC,,,,,,,,,,,,,,,,,,,,,,,,,,,,,,,,,,,,,,,,,947.6,994.67,953.09,782.43,781.51,960.75,1199.4,1102.09,1164.23,1418.65,1293.15,1515.26,1521.79,1577.61,1467.78,1324.8,1125.62,1117.6,968.74,
Curacao,CUW,Scientific and technical journal articles,IP.JRN.ARTC.SC,,,,,,,,,,,,,,,,,,,,,,,,,,,,,,,,,,,,,,,,,,,,,,,,,,,,,,,,,,,,
Cayman Islands,CYM,Scientific and technical journal articles,IP.JRN.ARTC.SC,,,,,,,,,,,,,,,,,,,,,,,,,,,,,,,,,,,,,,,,,,,,,,,,,,,,,,,,,,,,
Cyprus,CYP,Scientific and technical journal articles,IP.JRN.ARTC.SC,,,,,,,,,,,,,,,,,,,,,,,,,,,,,,,,,,,,,,,,,153.51,130.78,191.59,171.76,243.78,309.17,345.94,417.12,502.69,649.97,705.92,758.88,799.38,963.42,915.53,935.15,1059.28,1193.38,1245.42,
Czech Republic,CZE,Scientific and technical journal articles,IP.JRN.ARTC.SC,,,,,,,,,,,,,,,,,,,,,,,,,,,,,,,,,,,,,,,,,5372.85,5773.84,6098.53,6418.06,7025.08,7871.5,8765.33,9939.57,10604.28,11093.78,12562.6,13396.16,13812.95,14044.66,15432.41,16700.33,16604.51,16782.25,15576.6,
Germany,DEU,Scientific and technical journal articles,IP.JRN.ARTC.SC,,,,,,,,,,,,,,,,,,,,,,,,,,,,,,,,,,,,,,,,,69002.63,70648.69,71545.71,72368.78,75429.31,83968.28,85233.18,89413.66,91903.9,95453.2,97252.08,100768.62,105433.18,105730.82,108473.69,106452.92,108295.59,107803.17,104396.12,
Djibouti,DJI,Scientific and technical journal articles,IP.JRN.ARTC.SC,,,,,,,,,,,,,,,,,,,,,,,,,,,,,,,,,,,,,,,,,2,0.64,1.28,1.33,1.88,3.71,2.71,2.28,2.82,8.12,6.87,4.24,7.42,6.84,7.51,5.71,4.19,5.13,6.16,
Dominica,DMA,Scientific and technical journal articles,IP.JRN.ARTC.SC,,,,,,,,,,,,,,,,,,,,,,,,,,,,,,,,,,,,,,,,,0,4.19,2,4.58,2.16,5.27,4.13,3.44,5.22,4.47,8.53,6.94,11.84,11.58,10.13,10.87,11.8,12.5,12.6,
Denmark,DNK,Scientific and technical journal articles,IP.JRN.ARTC.SC,,,,,,,,,,,,,,,,,,,,,,,,,,,,,,,,,,,,,,,,,7160.46,7164.41,7217.39,7478.49,7867.99,8381.74,8590.46,9007.63,9245.54,9760.09,10285.53,11405.13,12390.58,12899.7,14145.01,14214.95,14160.25,14345.19,13978.8,
Dominican Republic,DOM,Scientific and technical journal articles,IP.JRN.ARTC.SC,,,,,,,,,,,,,,,,,,,,,,,,,,,,,,,,,,,,,,,,,13.3,7.94,7.46,12.53,13.74,12.88,17.1,20.32,17.08,15.46,17.12,19.34,25.93,39.5,42.4,34.62,34.55,54.06,49.26,
Algeria,DZA,Scientific and technical journal articles,IP.JRN.ARTC.SC,,,,,,,,,,,,,,,,,,,,,,,,,,,,,,,,,,,,,,,,,387.13,451.27,479.61,642.04,863.81,906.93,1269.9,1404.92,1747.56,2135.32,2140.5,2434.58,3062.32,3503.55,3630.37,4157.18,4527.57,5201.61,5231.44,
East Asia & Pacific (excluding high income),EAP,Scientific and technical journal articles,IP.JRN.ARTC.SC,,,,,,,,,,,,,,,,,,,,,,,,,,,,,,,,,,,,,,,,,57172.4209043042,74463.5734205987,78846.4161686096,92269.8846589579,126614.269204414,173113.926111623,199455.63741525,226095.001311413,263095.889811515,303380.444911228,334242.781812721,352435.222617749,356118.7606109,388825.297652248,423160.157859997,444265.617359953,481428.01252488,527438.20224242,598879.286126005,
Early-demographic dividend,EAR,Scientific and technical journal articles,IP.JRN.ARTC.SC,,,,,,,,,,,,,,,,,,,,,,,,,,,,,,,,,,,,,,,,,63284.0635090177,67820.6525431848,75017.8608106005,82872.308096706,91405.6323164617,102565.94091377,117347.315545148,130758.245324459,144521.533251853,162631.9,180488.98,204762.314380551,219217.310809582,233864.500774167,254574.434167353,267360.539218874,296324.650050775,322559.048343846,357984.941513648,
East Asia & Pacific,EAS,Scientific and technical journal articles,IP.JRN.ARTC.SC,,,,,,,,,,,,,,,,,,,,,,,,,,,,,,,,,,,,,,,,,215630.343684691,237164.296551765,247120.382170009,269547.320253622,317702.675184262,385346.403238471,422583.416091747,457956.184832932,499592.841468156,547117.287795486,588170.298526421,617867.527936095,623536.451503505,661149.420668872,697349.924249949,713397.1763056,750819.503973605,796300.107273587,866663.165708603,
Europe & Central Asia (excluding high income),ECA,Scientific and technical journal articles,IP.JRN.ARTC.SC,,,,,,,,,,,,,,,,,,,,,,,,,,,,,,,,,,,,,,,,,51356.9746147169,56859.3902029235,58474.464665408,59669.1006975159,62510.9730202943,65653.3783638748,62445.6443067917,66788.4542916372,69081.86,74096.31,77552.47,81965.95,84891.21,89849.62,96524.86,105997.16,120457.35,128873.6,141382.75,
Europe & Central Asia,ECS,Scientific and technical journal articles,IP.JRN.ARTC.SC,,,,,,,,,,,,,,,,,,,,,,,,,,,,,,,,,,,,,,,,,433937.642771948,445125.61997809,458438.393584508,472221.558849014,501042.880029797,547883.900980445,566788.45511508,597555.374122606,621524.378331266,649993.87419126,666711.473926813,695224.274032986,723399.3330295,740707.657100824,763116.199035595,769808.860779285,787035.638023434,796657.293343856,794017.985067441,
Ecuador,ECU,Scientific and technical journal articles,IP.JRN.ARTC.SC,,,,,,,,,,,,,,,,,,,,,,,,,,,,,,,,,,,,,,,,,75.95,61.41,92.3,96.31,93.57,131.86,126.89,142.56,151.14,181.71,192.82,170.21,248.53,265.36,409.13,668.72,1162.24,1604.01,2142.19,
"Egypt, Arab Rep.",EGY,Scientific and technical journal articles,IP.JRN.ARTC.SC,,,,,,,,,,,,,,,,,,,,,,,,,,,,,,,,,,,,,,,,,2704.79,2982.45,3060.03,3414.29,3601.33,3622.85,4004.55,4547.63,4961.3,6131.85,6608.36,7332.48,8345.18,8615.9,9171.76,9820.47,11109.22,11392.95,13326.67,
Euro area,EMU,Scientific and technical journal articles,IP.JRN.ARTC.SC,,,,,,,,,,,,,,,,,,,,,,,,,,,,,,,,,,,,,,,,,238855.81,246386,254819.97,263567.94,280005.46,309700.27,323971.14,341994.77,357571.17,373509.14,381371.14,397398.39,413718.92,421374.26,430422.04,424742.42,425952.81,425460.43,414171.55,
Eritrea,ERI,Scientific and technical journal articles,IP.JRN.ARTC.SC,,,,,,,,,,,,,,,,,,,,,,,,,,,,,,,,,,,,,,,,,4.58,6.68,12.33,14.3,11.69,11.76,19.12,16.55,9.5,5.96,10.47,12.93,6.25,10.52,7.45,10.67,8.7,13.65,21.37,
Spain,ESP,Scientific and technical journal articles,IP.JRN.ARTC.SC,,,,,,,,,,,,,,,,,,,,,,,,,,,,,,,,,,,,,,,,,24974.54,26436.54,28163.47,29296.77,31810.04,35877.12,39379.36,42297.4,44191.24,47338.3,48988.91,52255.99,54627.9,54909.58,56559.76,55147.04,55514.33,55432.15,54536.59,
Estonia,EST,Scientific and technical journal articles,IP.JRN.ARTC.SC,,,,,,,,,,,,,,,,,,,,,,,,,,,,,,,,,,,,,,,,,459.56,520.4,506.01,566.38,633.93,712.32,872.88,1065.71,1133.18,1149.79,1400.31,1406.07,1501.17,1463.31,1690.56,1578.23,1555.17,1559,1414.72,
Ethiopia,ETH,Scientific and technical journal articles,IP.JRN.ARTC.SC,,,,,,,,,,,,,,,,,,,,,,,,,,,,,,,,,,,,,,,,,162.04,169.68,201.12,210.33,212.02,223.04,277.3,336.85,362.02,414.53,446.26,505.4,649.65,787.09,1026.77,1041.68,1172.08,1657.99,1994.44,
European Union,EUU,Scientific and technical journal articles,IP.JRN.ARTC.SC,,,,,,,,,,,,,,,,,,,,,,,,,,,,,,,,,,,,,,,,,289120.62,298686.46,309136.88,320240.36,341046.71,376760.04,393954.02,416809.27,437580.39,457380.81,469504.83,489695.69,511014.82,521686.4,536381.7,533692.6,535925.58,536753,524444.25,
Fragile and conflict affected situations,FCS,Scientific and technical journal articles,IP.JRN.ARTC.SC,,,,,,,,,,,,,,,,,,,,,,,,,,,,,,,,,,,,,,,,,3608.17886510603,3697.17894957517,3875.98108372283,4299.00228548455,4502.27257708812,5202.37790955462,6100.3422597959,6580.67836666312,7116.08922500636,8172.05276270342,8838.41152208226,8954.14432111852,9139.00122312546,9382.16369497229,10107.1414355888,10004.2488525102,11159.6255681947,13020.3614386841,18436.1810440857,
Finland,FIN,Scientific and technical journal articles,IP.JRN.ARTC.SC,,,,,,,,,,,,,,,,,,,,,,,,,,,,,,,,,,,,,,,,,7442.32,7774.78,7838.31,8015.51,8733.97,9159.19,9269.05,9448.99,9630.91,10002.57,10027.04,10307.81,10520.43,10849.07,11314.67,10942.46,11106.38,10768.81,10598.94,
Fiji,FJI,Scientific and technical journal articles,IP.JRN.ARTC.SC,,,,,,,,,,,,,,,,,,,,,,,,,,,,,,,,,,,,,,,,,27.32,38.6,35.81,44.13,58.67,58.83,84.81,85.21,66.87,65.84,64.98,64.93,64.55,81.77,116.45,99.52,162.66,135.47,139.78,
France,FRA,Scientific and technical journal articles,IP.JRN.ARTC.SC,,,,,,,,,,,,,,,,,,,,,,,,,,,,,,,,,,,,,,,,,49691.91,50482.24,51160.55,52176.13,54779.77,59245.82,61833.74,63610.5,66459.77,68273.77,68745.84,70612.25,72628.77,73631.77,73299.07,71925.79,71028.47,70100.94,66352.18,
Faroe Islands,FRO,Scientific and technical journal articles,IP.JRN.ARTC.SC,,,,,,,,,,,,,,,,,,,,,,,,,,,,,,,,,,,,,,,,,,,,,,,,,,,,,,,,,,,,
"Micronesia, Fed. Sts.",FSM,Scientific and technical journal articles,IP.JRN.ARTC.SC,,,,,,,,,,,,,,,,,,,,,,,,,,,,,,,,,,,,,,,,,4.29,1.08,0,2.26,2.4,7.96,2,8.38,4.31,3.04,14.18,4.94,4.63,5.85,3.33,6.75,3.81,6.58,4.37,
Gabon,GAB,Scientific and technical journal articles,IP.JRN.ARTC.SC,,,,,,,,,,,,,,,,,,,,,,,,,,,,,,,,,,,,,,,,,23.61,28.85,29.88,26.4,31.45,49.89,41.7,33.15,41.28,51.45,42.93,57.18,50.85,54.72,59.99,63.66,60.97,62.92,63.78,
United Kingdom,GBR,Scientific and technical journal articles,IP.JRN.ARTC.SC,,,,,,,,,,,,,,,,,,,,,,,,,,,,,,,,,,,,,,,,,77244.9,73779.92,74814.46,75564.08,79249.97,84940.1,88142.47,91212.76,91357.74,93803.37,93791.51,95820.1,98144.92,99228.41,99384.79,99616.02,99366.17,99128.72,97680.9,
Georgia,GEO,Scientific and technical journal articles,IP.JRN.ARTC.SC,,,,,,,,,,,,,,,,,,,,,,,,,,,,,,,,,,,,,,,,,256.84,226.97,251.47,244.01,295.08,415.56,430.8,354.3,394.36,428.38,340.43,472.67,442.4,463.93,472.09,494.82,620.93,547.49,550.41,
Ghana,GHA,Scientific and technical journal articles,IP.JRN.ARTC.SC,,,,,,,,,,,,,,,,,,,,,,,,,,,,,,,,,,,,,,,,,135.62,116.26,146.22,148.73,172.48,184.89,196.46,239.77,270.87,326.12,363.82,424.26,526.68,591.89,645.63,782.83,1009.55,1074.54,1275.99,
Gibraltar,GIB,Scientific and technical journal articles,IP.JRN.ARTC.SC,,,,,,,,,,,,,,,,,,,,,,,,,,,,,,,,,,,,,,,,,,,,,,,,,,,,,,,,,,,,
Guinea,GIN,Scientific and technical journal articles,IP.JRN.ARTC.SC,,,,,,,,,,,,,,,,,,,,,,,,,,,,,,,,,,,,,,,,,3.14,14.28,10.4,5.66,10.91,7.02,15.78,14.11,12.04,11.83,11.55,11.4,11.73,10.51,22.01,29.96,38.44,38.02,27.84,
"Gambia, The",GMB,Scientific and technical journal articles,IP.JRN.ARTC.SC,,,,,,,,,,,,,,,,,,,,,,,,,,,,,,,,,,,,,,,,,27.79,35.31,25.9,30.79,36.92,35.85,44.67,36.46,43.22,37.72,44.89,33.81,36.78,46.59,47.02,43.15,48.02,47.17,33.83,
Guinea-Bissau,GNB,Scientific and technical journal articles,IP.JRN.ARTC.SC,,,,,,,,,,,,,,,,,,,,,,,,,,,,,,,,,,,,,,,,,1.48,2.23,5.09,8.01,10.64,9.39,5.74,12.14,6.29,8.29,5.8,10.38,12.8,12.09,17.69,9.71,11.19,16.33,15.01,
Equatorial Guinea,GNQ,Scientific and technical journal articles,IP.JRN.ARTC.SC,,,,,,,,,,,,,,,,,,,,,,,,,,,,,,,,,,,,,,,,,0,1.67,0.46,0.82,4.1,0.74,3.22,3.3,1.23,4.29,3.68,2.01,2.32,2.31,2.36,4.28,4.99,3.33,2.6,
Greece,GRC,Scientific and technical journal articles,IP.JRN.ARTC.SC,,,,,,,,,,,,,,,,,,,,,,,,,,,,,,,,,,,,,,,,,5292.2,5744.89,6428,6754.36,7956.45,9226.77,10605.54,11151.57,11817.55,12102.77,11994.49,11958.26,11924.42,11881.18,11664.94,11237.15,11156.77,10986.92,10906.99,
Grenada,GRD,Scientific and technical journal articles,IP.JRN.ARTC.SC,,,,,,,,,,,,,,,,,,,,,,,,,,,,,,,,,,,,,,,,,1.04,3.79,2.42,5.4,4.18,4.69,12.48,21.64,22.75,18.53,17.49,25.68,30.47,35.16,57.36,33.25,36.13,53.06,46.17,
Greenland,GRL,Scientific and technical journal articles,IP.JRN.ARTC.SC,,,,,,,,,,,,,,,,,,,,,,,,,,,,,,,,,,,,,,,,,11.91,10.28,11.86,12.81,28.53,16.39,14.22,15.41,15.94,11.79,21.4,18.64,25.44,31.74,23.77,29.92,23.09,24.29,30,
Guatemala,GTM,Scientific and technical journal articles,IP.JRN.ARTC.SC,,,,,,,,,,,,,,,,,,,,,,,,,,,,,,,,,,,,,,,,,24.52,23.62,23.58,26.71,27.55,44.75,34.47,30.89,34.57,54.33,52.25,44.8,67.74,73.86,65.67,83.29,86.16,103.77,99.89,
Guam,GUM,Scientific and technical journal articles,IP.JRN.ARTC.SC,,,,,,,,,,,,,,,,,,,,,,,,,,,,,,,,,,,,,,,,,,,,,,,,,,,,,,,,,,,,
Guyana,GUY,Scientific and technical journal articles,IP.JRN.ARTC.SC,,,,,,,,,,,,,,,,,,,,,,,,,,,,,,,,,,,,,,,,,10.27,8.31,7.86,7.29,11.3,19.19,10.14,10.95,10.07,9.98,20.13,11.15,13.39,13.74,13.11,9.85,13.07,15.74,13.7,
High income,HIC,Scientific and technical journal articles,IP.JRN.ARTC.SC,,,,,,,,,,,,,,,,,,,,,,,,,,,,,,,,,,,,,,,,,900285.096663481,911085.741156428,946034.300439628,980518.402933326,1049743.34516725,1151915.20149716,1189313.8956425,1234787.4469761,1265566.43211395,1304899.51780507,1339907.34398976,1394521.61668665,1430424.15032613,1451293.97235909,1476515.87166736,1466397.61627722,1468095.36573535,1475027.14195224,1450445.77223241,
"Hong Kong SAR, China",HKG,Scientific and technical journal articles,IP.JRN.ARTC.SC,,,,,,,,,,,,,,,,,,,,,,,,,,,,,,,,,,,,,,,,,,,,,,,,,,,,,,,,,,,,
Honduras,HND,Scientific and technical journal articles,IP.JRN.ARTC.SC,,,,,,,,,,,,,,,,,,,,,,,,,,,,,,,,,,,,,,,,,11.37,7.95,10.37,10.78,12.46,14.02,11.33,12.07,17.73,17.07,23.63,19.09,26.74,19.55,26.87,30.85,33.38,43.62,45.1,
Heavily indebted poor countries (HIPC),HPC,Scientific and technical journal articles,IP.JRN.ARTC.SC,,,,,,,,,,,,,,,,,,,,,,,,,,,,,,,,,,,,,,,,,1509.43127225322,1593.74462567098,1723.97882355886,1925.60137955307,2062.89226419551,2297.03494736263,2601.64649599935,3024.51970488406,3145.21429249856,3446.72,3799.3,4304.46650759665,4658.78447460805,5172.81881215884,5887.6886134593,6343.59532102177,7025.98968567127,7966.9469538351,8868.91568945769,
Croatia,HRV,Scientific and technical journal articles,IP.JRN.ARTC.SC,,,,,,,,,,,,,,,,,,,,,,,,,,,,,,,,,,,,,,,,,1711.69,1764.98,1978.94,2254.44,2382.48,2899.78,2868.85,3345.26,3575.31,3937.85,3863.66,4431.51,4294.02,4164.84,4014.91,4050.72,3966.92,4227.47,4276.9,
Haiti,HTI,Scientific and technical journal articles,IP.JRN.ARTC.SC,,,,,,,,,,,,,,,,,,,,,,,,,,,,,,,,,,,,,,,,,5.21,4.69,6.03,5.6,6.32,8.33,14.05,10.85,7.27,11.67,15.05,18.15,16.54,30.38,38.08,32.87,32.62,41.52,29.18,
Hungary,HUN,Scientific and technical journal articles,IP.JRN.ARTC.SC,,,,,,,,,,,,,,,,,,,,,,,,,,,,,,,,,,,,,,,,,4399.5,4411.01,4647.56,4640.53,4875.73,5580.83,5561.03,5877.07,6442.02,6034.26,5910.15,6430.05,6519.56,6299.56,6728.01,6533.46,6473.35,6645.69,6700.92,
IBRD only,IBD,Scientific and technical journal articles,IP.JRN.ARTC.SC,,,,,,,,,,,,,,,,,,,,,,,,,,,,,,,,,,,,,,,,,183610.848059083,211997.93939768,226754.799437063,249374.86522462,297117.290086573,361333.15191713,405515.494345633,452368.463245991,514386.564981148,579243.56,634355.182508266,682800.35,708176.17,760162.78,823897.9,866329.18,945276.81,1023350.76881906,1134258.57396341,
IDA & IBRD total,IBT,Scientific and technical journal articles,IP.JRN.ARTC.SC,,,,,,,,,,,,,,,,,,,,,,,,,,,,,,,,,,,,,,,,,189367.569014711,218204.177814936,233333.263037889,256601.652173188,305134.779101611,370679.735092229,416435.129226899,465049.854758084,528152.026032994,595202.920445798,652329.314746533,701231.371911146,727677.45569611,781153.703855007,846830.734409181,890225.074062123,972544.635164672,1054254.78463653,1169198.15117054,
IDA total,IDA,Scientific and technical journal articles,IP.JRN.ARTC.SC,,,,,,,,,,,,,,,,,,,,,,,,,,,,,,,,,,,,,,,,,5468.86115005772,5871.62131169586,6220.2794671022,6832.83872050517,7545.87784528087,8771.42285774298,10275.7737099608,11964.8797622577,12943.9803439684,15037.0126295214,16966.159671111,18431.0510354002,19501.3725347077,20991.0211976709,22932.9528525813,23896.0031026318,27268.0290762921,30904.3343279004,34939.9787094466,
IDA blend,IDB,Scientific and technical journal articles,IP.JRN.ARTC.SC,,,,,,,,,,,,,,,,,,,,,,,,,,,,,,,,,,,,,,,,,3274.57372533106,3600.08914231212,3861.02257898009,4023.90584284502,4551.88849653631,5430.74588850227,6461.11767609765,7448.76146299045,8121.52449359807,9701.83,10911.24,11962.45,12142.6,13170.45,14067.46,14583.12,16654.18,18948.27,21699.2,
Indonesia,IDN,Scientific and technical journal articles,IP.JRN.ARTC.SC,,,,,,,,,,,,,,,,,,,,,,,,,,,,,,,,,,,,,,,,,395.72,326.74,383.99,373.93,456.9,580.13,682.82,689.57,746.01,1085.13,1427.33,1901.49,2088.11,2825.09,3390.49,4623.15,7354.4,14579.71,26947.57,
IDA only,IDX,Scientific and technical journal articles,IP.JRN.ARTC.SC,,,,,,,,,,,,,,,,,,,,,,,,,,,,,,,,,,,,,,,,,2179.79193819165,2253.99727227969,2339.49838805467,2792.45058180999,2973.30650024932,3313.34523750617,3780.26624010741,4477.79356730747,4779.49864499395,5282.26092973853,5995.54006719782,6468.58198135391,7358.97216376308,7820.76395813032,8865.77431338817,9313.19293942805,10614.1997248671,11956.4456007819,13241.1487923632,
Isle of Man,IMN,Scientific and technical journal articles,IP.JRN.ARTC.SC,,,,,,,,,,,,,,,,,,,,,,,,,,,,,,,,,,,,,,,,,,,,,,,,,,,,,,,,,,,,
India,IND,Scientific and technical journal articles,IP.JRN.ARTC.SC,,,,,,,,,,,,,,,,,,,,,,,,,,,,,,,,,,,,,,,,,21770.72,22947.58,24853.47,27295.91,29347.65,33516.09,38515.35,43627.4,48998.11,54797.65,62436.88,74142.9,80493.3,86348.11,96425.77,101813.08,112167.34,121631.31,135787.79,
Not classified,INX,Scientific and technical journal articles,IP.JRN.ARTC.SC,,,,,,,,,,,,,,,,,,,,,,,,,,,,,,,,,,,,,,,,,,,,,,,,,,,,,,,,,,,,
Ireland,IRL,Scientific and technical journal articles,IP.JRN.ARTC.SC,,,,,,,,,,,,,,,,,,,,,,,,,,,,,,,,,,,,,,,,,2661.9,2827.14,3037.19,3106.03,3846.32,4739.54,4828.34,5491.29,5762.49,6407.76,6976.23,7319.96,7079.47,7127.84,7194.18,6847.04,7044.16,7108.63,7174.11,
"Iran, Islamic Rep.",IRN,Scientific and technical journal articles,IP.JRN.ARTC.SC,,,,,,,,,,,,,,,,,,,,,,,,,,,,,,,,,,,,,,,,,1567.77,1907.03,2769.16,3838.54,5125.69,7089.89,10032.85,13352.19,17034.49,20696.31,25319.91,31514.73,32103.33,33171.3,36463.16,37229.52,42855.86,46727.38,48305.64,
Iraq,IRQ,Scientific and technical journal articles,IP.JRN.ARTC.SC,,,,,,,,,,,,,,,,,,,,,,,,,,,,,,,,,,,,,,,,,91.98,92.61,105.64,120.19,92.74,140.61,248,242.15,309.54,373.46,553.68,639.74,825.53,839.22,865.95,894.35,1235.96,2259.36,6073.39,
Iceland,ISL,Scientific and technical journal articles,IP.JRN.ARTC.SC,,,,,,,,,,,,,,,,,,,,,,,,,,,,,,,,,,,,,,,,,214.51,234.81,305.66,258.25,303.88,359.28,376.74,382.36,422.58,483.54,559.28,544.73,632.94,582.95,596.7,608.6,662.79,629.31,680.89,
Israel,ISR,Scientific and technical journal articles,IP.JRN.ARTC.SC,,,,,,,,,,,,,,,,,,,,,,,,,,,,,,,,,,,,,,,,,9245.52,9290.11,9669.6,9844.56,10309.14,10460.49,11009.5,11192.87,11328.61,11173.52,10914.56,11248.86,11622.78,11395.49,12112.79,12048.66,12244.1,12270.41,12234.69,
Italy,ITA,Scientific and technical journal articles,IP.JRN.ARTC.SC,,,,,,,,,,,,,,,,,,,,,,,,,,,,,,,,,,,,,,,,,36055.55,37370.98,39082.27,42162.94,44344.85,47752.97,50333.06,54056.39,56157.13,58354.93,58650.95,60453.21,64351.57,67591.55,69720.32,70519.39,70534.27,71485.25,71240.28,
Jamaica,JAM,Scientific and technical journal articles,IP.JRN.ARTC.SC,,,,,,,,,,,,,,,,,,,,,,,,,,,,,,,,,,,,,,,,,106.93,150.16,147.47,140.02,164.78,140.76,143.46,174.37,213.84,208.18,181.98,202.75,210.75,202.85,209.81,153.19,160.88,166.37,163.85,
Jordan,JOR,Scientific and technical journal articles,IP.JRN.ARTC.SC,,,,,,,,,,,,,,,,,,,,,,,,,,,,,,,,,,,,,,,,,538.64,540.28,593.13,654.22,742.57,785.51,925.57,1073.46,1241.3,1290.98,1448.64,1438.91,1411.59,1437.09,1411.34,1454.47,1710.6,1962.14,2627.29,
Japan,JPN,Scientific and technical journal articles,IP.JRN.ARTC.SC,,,,,,,,,,,,,,,,,,,,,,,,,,,,,,,,,,,,,,,,,97047.6,96497.65,98555.05,100691.14,103446.22,111707.84,112126.95,109981.96,108241.42,109131.25,109024.97,111258.23,109643.54,108995.98,105855.88,101306.59,101297.3,101084.19,98792.5,
Kazakhstan,KAZ,Scientific and technical journal articles,IP.JRN.ARTC.SC,,,,,,,,,,,,,,,,,,,,,,,,,,,,,,,,,,,,,,,,,190.17,194.91,216.99,244.56,233.57,242.24,222.31,216.01,231.66,266.89,323.91,380.93,445.67,628.87,934.87,1171.06,1601.18,1958.82,2367.46,
Kenya,KEN,Scientific and technical journal articles,IP.JRN.ARTC.SC,,,,,,,,,,,,,,,,,,,,,,,,,,,,,,,,,,,,,,,,,356.83,403.73,432.13,418,443.44,453.39,488.86,554.96,582.61,699.27,693.92,799.26,789.97,874.67,949.02,961.87,1069.28,1179.58,1246.76,
Kyrgyz Republic,KGZ,Scientific and technical journal articles,IP.JRN.ARTC.SC,,,,,,,,,,,,,,,,,,,,,,,,,,,,,,,,,,,,,,,,,28.88,27.97,26.96,20.7,33.11,44.83,51.2,38.24,52.57,33.71,33.83,48.83,50.45,61.43,53.41,51.24,106.78,107.1,137.06,
Cambodia,KHM,Scientific and technical journal articles,IP.JRN.ARTC.SC,,,,,,,,,,,,,,,,,,,,,,,,,,,,,,,,,,,,,,,,,12.15,13.24,23.24,24.71,35.55,35.52,44.75,51.93,53.11,63.68,56.13,72.35,76.5,86.96,94.57,109.36,120.62,120.26,145.74,
Kiribati,KIR,Scientific and technical journal articles,IP.JRN.ARTC.SC,,,,,,,,,,,,,,,,,,,,,,,,,,,,,,,,,,,,,,,,,0,0.5,0,0.11,0,0,1.86,2.12,0,0.33,0.33,0,1,1.05,1.94,1.48,2.17,2.54,0.62,
St. Kitts and Nevis,KNA,Scientific and technical journal articles,IP.JRN.ARTC.SC,,,,,,,,,,,,,,,,,,,,,,,,,,,,,,,,,,,,,,,,,1.5,1,0.34,0.17,0.73,1.96,2.94,1.97,4.16,2.82,4.74,4.76,10.01,12.85,13.95,17.13,21.99,28.32,25.53,
"Korea, Rep.",KOR,Scientific and technical journal articles,IP.JRN.ARTC.SC,,,,,,,,,,,,,,,,,,,,,,,,,,,,,,,,,,,,,,,,,15905.06,18512.07,20091.98,23608.45,27661.76,31833.9,36859.56,41496.3,44094.48,45913.84,50589.14,53719.87,56267.53,57863.47,60705.29,62645.93,62735.09,63979.21,66376.17,
Kuwait,KWT,Scientific and technical journal articles,IP.JRN.ARTC.SC,,,,,,,,,,,,,,,,,,,,,,,,,,,,,,,,,,,,,,,,,505.95,519.86,510.48,526.87,560.04,620.39,644.42,724.09,762.03,801.4,744.52,804.28,834.56,881.28,799.38,875.06,825.56,861.13,1003.84,
Latin America & Caribbean (excluding high income),LAC,Scientific and technical journal articles,IP.JRN.ARTC.SC,,,,,,,,,,,,,,,,,,,,,,,,,,,,,,,,,,,,,,,,,25363.1227835327,27207.0243352811,30388.4601648502,32383.2896725821,35467.7834489721,39822.9105421717,48437.6152311356,51673.348212048,58719.3193217311,63414.24,67684.03,71861.1,77527.37,81038.44,85519.19,86323.01,90598.24,95671.01,99168.16,
Lao PDR,LAO,Scientific and technical journal articles,IP.JRN.ARTC.SC,,,,,,,,,,,,,,,,,,,,,,,,,,,,,,,,,,,,,,,,,8.57,7.01,13.29,17.72,37.96,23.81,39.42,28.22,34.59,41.96,42.5,49.51,61.64,71.78,56.12,71.61,88.18,76.98,86.91,
Lebanon,LBN,Scientific and technical journal articles,IP.JRN.ARTC.SC,,,,,,,,,,,,,,,,,,,,,,,,,,,,,,,,,,,,,,,,,377.65,411.06,372.36,459.13,481.8,558.42,631.07,648.1,729.58,762.95,791.37,873.78,1013.01,1088.88,1206.99,1288.51,1446.98,1537.56,1776.31,
Liberia,LBR,Scientific and technical journal articles,IP.JRN.ARTC.SC,,,,,,,,,,,,,,,,,,,,,,,,,,,,,,,,,,,,,,,,,1,0,0.69,0.5,1.42,1.08,3.55,2.65,2.14,2.33,3.36,9.22,7.85,5.49,7.7,11.56,16.55,24.52,25.39,
Libya,LBY,Scientific and technical journal articles,IP.JRN.ARTC.SC,,,,,,,,,,,,,,,,,,,,,,,,,,,,,,,,,,,,,,,,,61.74,47.89,40.82,53.55,66.37,79.76,91.25,111.64,132.26,233.71,300.02,128.24,153.28,207.14,190.52,181.28,144.21,172.36,161.9,
St. Lucia,LCA,Scientific and technical journal articles,IP.JRN.ARTC.SC,,,,,,,,,,,,,,,,,,,,,,,,,,,,,,,,,,,,,,,,,2.5,2.63,2.17,0.09,1.58,2.35,3.35,2.54,2.67,2,2.78,5.24,1.25,3.7,0.16,3.11,4.91,2.43,3.81,
Latin America & Caribbean,LCN,Scientific and technical journal articles,IP.JRN.ARTC.SC,,,,,,,,,,,,,,,,,,,,,,,,,,,,,,,,,,,,,,,,,27717.0540841124,29736.9981465773,33408.1667477611,35564.7108151766,38819.654874453,43597.878002466,52927.9923252671,56389.9410740121,63990.958367568,68988.1186198606,73466.0650962237,78035.9840669514,84225.5057339052,87731.1901436569,93283.950670227,94132.2015054552,99235.1585826021,104412.472353691,108227.614330182,
Least developed countries: UN classification,LDC,Scientific and technical journal articles,IP.JRN.ARTC.SC,,,,,,,,,,,,,,,,,,,,,,,,,,,,,,,,,,,,,,,,,1734.91745448101,1841.54365686234,1912.68865148778,2312.69725335448,2407.12819663211,2702.75145554937,3160.25031925228,3783.84229222396,3944.00492893185,4422.15326977569,4957.5005127747,5334.27456207089,6068.75383927818,6507.6005400147,7526.46148160338,7767.62561341012,8756.70863627676,9931.4510307927,10876.0322194657,
Low income,LIC,Scientific and technical journal articles,IP.JRN.ARTC.SC,,,,,,,,,,,,,,,,,,,,,,,,,,,,,,,,,,,,,,,,,879.486064633363,968.436396217629,951.434639578,1078.45215700215,1213.39362828373,1271.52429823672,1466.04081572232,1726.62974147963,1819.11684035957,2032.51610039234,2373.74701038886,2561.2,2834.71,3099.54,3467.77,3706.01,4064.66,4724.98,5307.82,
Liechtenstein,LIE,Scientific and technical journal articles,IP.JRN.ARTC.SC,,,,,,,,,,,,,,,,,,,,,,,,,,,,,,,,,,,,,,,,,15.87,7.22,6.65,15.02,19.79,33.57,33.9,24.27,39.7,25.21,39.4,39.47,32.84,31.48,40.31,30.85,41.87,33.89,30.4,
Sri Lanka,LKA,Scientific and technical journal articles,IP.JRN.ARTC.SC,,,,,,,,,,,,,,,,,,,,,,,,,,,,,,,,,,,,,,,,,204.59,214.9,245.67,264.46,263.94,333.58,382.77,438.99,512.86,487.93,502.34,575.19,610.59,731.61,707.91,746.51,1082.79,1181.27,1347.54,
Lower middle income,LMC,Scientific and technical journal articles,IP.JRN.ARTC.SC,,,,,,,,,,,,,,,,,,,,,,,,,,,,,,,,,,,,,,,,,37352.723389594,40657.4751427873,42640.2448585589,45997.6391685876,49350.8583466158,55570.6465038688,62294.3099589224,70441.7172306803,78863.1677470183,88617.52,99444.2,114849.036567941,124844.363878452,134455.394280152,147626.622986341,156152.288661898,174424.146573021,190835.85924584,213355.474790202,
Low & middle income,LMY,Scientific and technical journal articles,IP.JRN.ARTC.SC,,,,,,,,,,,,,,,,,,,,,,,,,,,,,,,,,,,,,,,,,171219.735245191,198538.87485812,211634.056419717,233146.832116644,279015.982646086,341742.180208047,385461.498631637,431497.460567836,490177.019650657,555037.538356967,609710.70910184,657255.365589741,680827.232870737,732539.585413332,795572.269858304,836524.157021983,916593.509975009,997634.204245921,1111823.75476106,
Lesotho,LSO,Scientific and technical journal articles,IP.JRN.ARTC.SC,,,,,,,,,,,,,,,,,,,,,,,,,,,,,,,,,,,,,,,,,5.92,12.25,12.58,6.43,4.88,6.03,10.92,9.75,10.42,11.05,12.18,12.64,21.26,15.44,11.63,17.34,20.89,21.03,18.54,
Late-demographic dividend,LTE,Scientific and technical journal articles,IP.JRN.ARTC.SC,,,,,,,,,,,,,,,,,,,,,,,,,,,,,,,,,,,,,,,,,131443.584820234,154568.853702914,163491.050019284,179210.902984423,220210.029414813,275042.129586049,307413.584995892,342259.201214989,392640.654481772,441391.460255339,482015.239273763,509220.264980699,522926.865057104,562773.438802545,610061.811310443,641541.080862549,695181.570103858,748631.422013215,821699.001845436,
Lithuania,LTU,Scientific and technical journal articles,IP.JRN.ARTC.SC,,,,,,,,,,,,,,,,,,,,,,,,,,,,,,,,,,,,,,,,,599.75,645.05,1002.13,958.16,1228.67,1510.94,1760.37,1703.5,2533.16,2304.45,2359.5,2446.03,2285.45,2265.95,2492.17,2464.44,2306.22,2404.65,2267.3,
Luxembourg,LUX,Scientific and technical journal articles,IP.JRN.ARTC.SC,,,,,,,,,,,,,,,,,,,,,,,,,,,,,,,,,,,,,,,,,65.26,67.06,81.08,88.13,151.73,160.34,200.18,219.6,322.45,395.89,457.41,595.57,597.98,770.2,877.68,816.12,857.78,814.16,869.1,
Latvia,LVA,Scientific and technical journal articles,IP.JRN.ARTC.SC,,,,,,,,,,,,,,,,,,,,,,,,,,,,,,,,,,,,,,,,,288.03,341.05,363.52,278.45,294.56,450.23,389.02,494.93,648.81,711.61,817.22,1318.3,1200.72,1239.28,1171.05,1474.02,1390.79,1602.91,1417.73,
"Macao SAR, China",MAC,Scientific and technical journal articles,IP.JRN.ARTC.SC,,,,,,,,,,,,,,,,,,,,,,,,,,,,,,,,,,,,,,,,,,,,,,,,,,,,,,,,,,,,
St. Martin (French part),MAF,Scientific and technical journal articles,IP.JRN.ARTC.SC,,,,,,,,,,,,,,,,,,,,,,,,,,,,,,,,,,,,,,,,,,,,,,,,,,,,,,,,,,,,
Morocco,MAR,Scientific and technical journal articles,IP.JRN.ARTC.SC,,,,,,,,,,,,,,,,,,,,,,,,,,,,,,,,,,,,,,,,,872.58,965.54,956.5,926.13,967.27,913.86,968.33,1044.23,1210.72,1456.62,1649.46,1967.35,2233.72,2378.42,2900.24,2980.65,3838.75,4707.82,5056.77,
Monaco,MCO,Scientific and technical journal articles,IP.JRN.ARTC.SC,,,,,,,,,,,,,,,,,,,,,,,,,,,,,,,,,,,,,,,,,13.84,25.93,22.94,26.67,38.43,36.54,34.08,31.12,35.39,43.84,37.92,49.33,30.16,37.72,39.69,41.94,42.92,51.35,45.12,
Moldova,MDA,Scientific and technical journal articles,IP.JRN.ARTC.SC,,,,,,,,,,,,,,,,,,,,,,,,,,,,,,,,,,,,,,,,,191.46,151.96,150.79,160.18,126.74,204.46,143.33,148.15,164.84,179.4,174.07,187.84,208.07,212.04,213.4,192.78,299.63,257.06,210.37,
Madagascar,MDG,Scientific and technical journal articles,IP.JRN.ARTC.SC,,,,,,,,,,,,,,,,,,,,,,,,,,,,,,,,,,,,,,,,,57.23,60.8,41.2,65.2,48.16,56.73,61.62,106.01,81.92,86.6,81.22,99.46,94.61,115.63,121.32,121.86,108.2,138.99,127.41,
Maldives,MDV,Scientific and technical journal articles,IP.JRN.ARTC.SC,,,,,,,,,,,,,,,,,,,,,,,,,,,,,,,,,,,,,,,,,0.5,5.08,1,2.42,1.67,3.21,3.63,4.83,0.92,2.95,3.26,6.73,8.94,7.04,6.87,7.08,5.64,7.06,7.44,
Middle East & North Africa,MEA,Scientific and technical journal articles,IP.JRN.ARTC.SC,,,,,,,,,,,,,,,,,,,,,,,,,,,,,,,,,,,,,,,,,19484.24,20592.75,22229.52,24673.83,27383.4,30389.92,35667.02,40787.53,46852.15,53792.81,60745.88,70470.98,75282.8,79492.5,86429.97,90270.13,100704.57,109457.45,119302.31,
Mexico,MEX,Scientific and technical journal articles,IP.JRN.ARTC.SC,,,,,,,,,,,,,,,,,,,,,,,,,,,,,,,,,,,,,,,,,5053.71,5470.52,5986.61,6723.17,7308.35,8306.8,9379.34,9611.38,10459.3,10717.65,11318.23,11859.26,12585.07,13295.3,14345.85,14585.58,15199.9,16004.9,16345.64,
Marshall Islands,MHL,Scientific and technical journal articles,IP.JRN.ARTC.SC,,,,,,,,,,,,,,,,,,,,,,,,,,,,,,,,,,,,,,,,,2.13,2.08,1,3.83,0.83,3.83,3.78,1.54,0.56,1.72,3,1.48,1.49,1.33,1.19,3.59,1.39,0.72,2.31,
Middle income,MIC,Scientific and technical journal articles,IP.JRN.ARTC.SC,,,,,,,,,,,,,,,,,,,,,,,,,,,,,,,,,,,,,,,,,170056.051725102,197240.188434127,210329.474042586,231679.675330662,277336.541207548,339897.215070735,383349.045187498,429048.261326856,487534.370141557,552072.006676333,606314.789908064,654694.797060949,677993.174281803,729440.745675456,792105.259090291,832818.944578887,912529.723821778,992910.171543551,1106516.9899547,
North Macedonia,MKD,Scientific and technical journal articles,IP.JRN.ARTC.SC,,,,,,,,,,,,,,,,,,,,,,,,,,,,,,,,,,,,,,,,,123.28,140.89,125.94,135.55,137.05,173.23,190.79,254.32,288.22,320.87,357.19,459.9,475.58,479.95,543.06,548.28,510.01,498.61,493.05,
Mali,MLI,Scientific and technical journal articles,IP.JRN.ARTC.SC,,,,,,,,,,,,,,,,,,,,,,,,,,,,,,,,,,,,,,,,,16.01,28.39,32.92,36.36,34.55,40.43,63.38,69.1,66.6,71.49,72.45,86.33,86.31,65.33,73.97,71.93,86.07,100.89,90.37,
Malta,MLT,Scientific and technical journal articles,IP.JRN.ARTC.SC,,,,,,,,,,,,,,,,,,,,,,,,,,,,,,,,,,,,,,,,,43.1,51.48,55.39,77.44,61.88,75.15,83.85,106.35,177.19,161,189.38,194.89,245.92,286.34,286.42,314.53,333.94,395.95,422.02,
Myanmar,MMR,Scientific and technical journal articles,IP.JRN.ARTC.SC,,,,,,,,,,,,,,,,,,,,,,,,,,,,,,,,,,,,,,,,,14.82,10.91,11.62,11.68,16.84,51.05,28.71,38.23,60.76,88.36,54.14,96.44,40.35,35.78,45.48,73.66,112.85,141.03,230.65,
Middle East & North Africa (excluding high income),MNA,Scientific and technical journal articles,IP.JRN.ARTC.SC,,,,,,,,,,,,,,,,,,,,,,,,,,,,,,,,,,,,,,,,,7442.68,8386.1,9560.83,11401.15,13568.98,16112.18,20450.18,25114.08,30557.95,36738.86,42855.72,50671.81,53688.3,56175.49,61092.94,63677.96,72954.39,80558.53,88918.47,
Montenegro,MNE,Scientific and technical journal articles,IP.JRN.ARTC.SC,,,,,,,,,,,,,,,,,,,,,,,,,,,,,,,,,,,,,,,,,0,0,0,0,0,0,0,64.39,67.19,73.23,108.55,140.31,159.29,194.71,204.37,224.17,243.51,284.38,249.51,
Mongolia,MNG,Scientific and technical journal articles,IP.JRN.ARTC.SC,,,,,,,,,,,,,,,,,,,,,,,,,,,,,,,,,,,,,,,,,26.6,26.94,26.45,37.67,35.14,38.49,49.03,110.19,93.8,100.55,92.48,103.29,129.65,164.43,116.16,104.4,118.87,146.56,140.85,
Northern Mariana Islands,MNP,Scientific and technical journal articles,IP.JRN.ARTC.SC,,,,,,,,,,,,,,,,,,,,,,,,,,,,,,,,,,,,,,,,,,,,,,,,,,,,,,,,,,,,
Mozambique,MOZ,Scientific and technical journal articles,IP.JRN.ARTC.SC,,,,,,,,,,,,,,,,,,,,,,,,,,,,,,,,,,,,,,,,,21.54,31.12,23.46,26.58,31.25,38.87,45.02,41.5,48.7,57.04,47.98,75.34,63.77,69.22,86.77,105.02,108.62,133.25,139.25,
Mauritania,MRT,Scientific and technical journal articles,IP.JRN.ARTC.SC,,,,,,,,,,,,,,,,,,,,,,,,,,,,,,,,,,,,,,,,,6.67,7.27,7.1,4.95,6.39,10.96,7.28,9.21,3.94,7.3,5.23,13.44,12.99,15.51,13.17,14.06,20.54,16.07,20.32,
Mauritius,MUS,Scientific and technical journal articles,IP.JRN.ARTC.SC,,,,,,,,,,,,,,,,,,,,,,,,,,,,,,,,,,,,,,,,,54.71,48.46,65.04,47.07,57.18,70.47,61.03,54.09,67.39,79.93,86.65,62.84,117.36,126.42,122.22,119.52,162.16,168.32,126.94,
Malawi,MWI,Scientific and technical journal articles,IP.JRN.ARTC.SC,,,,,,,,,,,,,,,,,,,,,,,,,,,,,,,,,,,,,,,,,64.37,74.08,77.31,75.39,80.85,84.11,87.55,130.44,112.58,105.41,127.91,142.97,156.13,138.98,173.25,178.87,192.37,228.59,231.21,
Malaysia,MYS,Scientific and technical journal articles,IP.JRN.ARTC.SC,,,,,,,,,,,,,,,,,,,,,,,,,,,,,,,,,,,,,,,,,1326.26,1169.43,1476.66,1769.12,2087.59,2475.37,3245.24,3876.96,5993.59,8001.42,11236.54,13853.18,14459.91,15631.66,17378.77,18635.26,20467.76,22257.81,23661.33,
North America,NAC,Scientific and technical journal articles,IP.JRN.ARTC.SC,,,,,,,,,,,,,,,,,,,,,,,,,,,,,,,,,,,,,,,,,338700.179439024,339051.496060983,355528.240629923,367508.972597109,395902.707045497,431911.535582939,434756.325054847,444146.535768301,447359.295020191,454814.788843433,465199.838213206,481645.076807507,487696.794425523,489565.348768994,494060.651236082,490615.16785153,487402.058533255,492524.729971515,482867.06854002,
Namibia,NAM,Scientific and technical journal articles,IP.JRN.ARTC.SC,,,,,,,,,,,,,,,,,,,,,,,,,,,,,,,,,,,,,,,,,17.76,45.07,35.39,45.11,32.65,52.08,34.66,40.1,33.2,33.39,38.31,49.59,65.22,86.03,97.47,101.71,110.45,115.28,156.31,
New Caledonia,NCL,Scientific and technical journal articles,IP.JRN.ARTC.SC,,,,,,,,,,,,,,,,,,,,,,,,,,,,,,,,,,,,,,,,,,,,,,,,,,,,,,,,,,,,
Niger,NER,Scientific and technical journal articles,IP.JRN.ARTC.SC,,,,,,,,,,,,,,,,,,,,,,,,,,,,,,,,,,,,,,,,,23.73,28.2,20.82,23.92,22.46,21.18,29.42,29.74,28.05,55,67.24,31.39,30.93,31.32,48.3,57.39,56.85,58.63,55.18,
Nigeria,NGA,Scientific and technical journal articles,IP.JRN.ARTC.SC,,,,,,,,,,,,,,,,,,,,,,,,,,,,,,,,,,,,,,,,,1049.88,1062.31,1237.83,1312.88,1519.82,1734.5,2178.71,2411.91,2475.43,3079.37,3410.64,3646.72,3301.59,3349.42,3745.83,3675.64,4018.76,4432.57,5602.28,
Nicaragua,NIC,Scientific and technical journal articles,IP.JRN.ARTC.SC,,,,,,,,,,,,,,,,,,,,,,,,,,,,,,,,,,,,,,,,,12.14,10.86,7.73,13.91,17.2,20.36,33.28,23.12,28.04,28.13,30.04,31.32,32.35,28.75,33.78,26.17,38.09,41.43,43.67,
Netherlands,NLD,Scientific and technical journal articles,IP.JRN.ARTC.SC,,,,,,,,,,,,,,,,,,,,,,,,,,,,,,,,,,,,,,,,,18713.17,18656.09,19541.09,19944.32,21463.3,24101.65,24604.57,25669.59,26599.89,28565.69,29159.31,30041.53,31045.38,31504.37,31878.57,31141.82,31014.65,31048.39,30457.33,
Norway,NOR,Scientific and technical journal articles,IP.JRN.ARTC.SC,,,,,,,,,,,,,,,,,,,,,,,,,,,,,,,,,,,,,,,,,5056.22,5148.27,5169.95,5283.46,5746.73,6747.22,7140.62,7730.01,7921.48,8796.57,9050.18,9687.88,10281.23,10378.26,10683.94,10529.7,11179.02,11670.76,11802.78,
Nepal,NPL,Scientific and technical journal articles,IP.JRN.ARTC.SC,,,,,,,,,,,,,,,,,,,,,,,,,,,,,,,,,,,,,,,,,101.86,114.02,123.98,234.04,223.35,297.9,366,391.72,354.06,391.43,388.88,398.92,413.18,481.65,520.72,538.47,632.76,674.78,792.11,
Nauru,NRU,Scientific and technical journal articles,IP.JRN.ARTC.SC,,,,,,,,,,,,,,,,,,,,,,,,,,,,,,,,,,,,,,,,,0,0.33,0,0,0.23,0.5,0.27,0,0,0.67,0,0.74,0.5,0.34,0.37,0.33,0.47,0,0,
New Zealand,NZL,Scientific and technical journal articles,IP.JRN.ARTC.SC,,,,,,,,,,,,,,,,,,,,,,,,,,,,,,,,,,,,,,,,,4279.85,4378.53,4350,4445.92,4872.76,5342.03,5674.17,6064.43,6393.61,6650.94,6905.05,7637.86,7726.31,7714.41,7935.41,7722.99,7907.93,7970.15,7888.75,
OECD members,OED,Scientific and technical journal articles,IP.JRN.ARTC.SC,,,,,,,,,,,,,,,,,,,,,,,,,,,,,,,,,,,,,,,,,880616.23,891589.87,927416.67,961854.6,1028995.84,1127539.87,1164515.85,1206494.23,1234058.28,1271259.23,1303216.01,1355300.69,1392298.56,1414769.49,1441385.37,1433995.18,1439574.6,1445416.25,1422262.79,
Oman,OMN,Scientific and technical journal articles,IP.JRN.ARTC.SC,,,,,,,,,,,,,,,,,,,,,,,,,,,,,,,,,,,,,,,,,212.64,240.05,244.02,297.14,308.58,322.34,349.29,410.46,408.43,462.75,513.85,602.68,606.94,678.74,698.11,754.13,793.78,785.83,856.43,
Other small states,OSS,Scientific and technical journal articles,IP.JRN.ARTC.SC,,,,,,,,,,,,,,,,,,,,,,,,,,,,,,,,,,,,,,,,,1329.28907150788,1450.17637033934,1598.57922674311,1706.15670617305,1942.48357302306,2251.05384913109,2584.57475337633,2880.93321489429,3200.77455087766,3528.77,4111.78,4239.09905074765,4769.34662744096,5299.55637505619,5885.34020373115,5823.97361269239,6485.04006242483,6740.19062288331,6978.41384848077,
Pakistan,PAK,Scientific and technical journal articles,IP.JRN.ARTC.SC,,,,,,,,,,,,,,,,,,,,,,,,,,,,,,,,,,,,,,,,,1042.38,1224.8,1365.82,1461.93,1722.07,2334.65,2808.75,3384.71,4093.14,4924.35,5691.09,6359.46,6842.22,7591.18,7810.86,8451.51,9799.81,11487.23,12904.31,
Panama,PAN,Scientific and technical journal articles,IP.JRN.ARTC.SC,,,,,,,,,,,,,,,,,,,,,,,,,,,,,,,,,,,,,,,,,43.25,59.24,51.09,63.62,67.4,79.02,84.57,100.51,118.48,117.94,121.9,129.77,156.26,159.41,172.08,165.04,154.45,176.81,172.88,
Peru,PER,Scientific and technical journal articles,IP.JRN.ARTC.SC,,,,,,,,,,,,,,,,,,,,,,,,,,,,,,,,,,,,,,,,,175.8,198.21,192.97,263.83,260.11,287.76,433.51,399.52,400.26,492.22,545.12,596.85,637.19,666.7,744.18,902.11,1064.63,1378.89,1629.88,
Philippines,PHL,Scientific and technical journal articles,IP.JRN.ARTC.SC,,,,,,,,,,,,,,,,,,,,,,,,,,,,,,,,,,,,,,,,,341.78,299.89,402.99,373.34,376.1,446.63,423.32,500.28,542.52,578.44,662.71,875.81,827.64,933.73,1047.44,1401.65,1684.31,1855.39,2237.34,
Palau,PLW,Scientific and technical journal articles,IP.JRN.ARTC.SC,,,,,,,,,,,,,,,,,,,,,,,,,,,,,,,,,,,,,,,,,2.33,3.09,1.83,1.83,2.38,10.98,4.29,5.47,3.71,2.73,5.17,1.85,2.25,4.45,4.71,5.61,3.3,5.96,6.51,
Papua New Guinea,PNG,Scientific and technical journal articles,IP.JRN.ARTC.SC,,,,,,,,,,,,,,,,,,,,,,,,,,,,,,,,,,,,,,,,,62.74,75.77,52.9,53.85,42.84,36.11,47.37,60.65,59,42.02,50.45,42.6,63.06,53.72,63.6,56.24,56.56,57.68,64.12,
Poland,POL,Scientific and technical journal articles,IP.JRN.ARTC.SC,,,,,,,,,,,,,,,,,,,,,,,,,,,,,,,,,,,,,,,,,13012.68,14375.37,15629.77,16673.97,18847.75,20290.56,21897.69,22172.08,23942.43,23849.79,24753.55,25734.96,27969.55,30026.08,31773.31,33116.44,34838.68,34675.67,35662.64,
Pre-demographic dividend,PRE,Scientific and technical journal articles,IP.JRN.ARTC.SC,,,,,,,,,,,,,,,,,,,,,,,,,,,,,,,,,,,,,,,,,2675.53403145338,2840.51881418994,3130.73947038906,3375.13849761198,3698.30623907369,4154.72331400323,4973.14150913045,5585.47223828529,5783.22494917628,6780.88088122759,7555.92414991789,8269.9,8200.99,8624.63,9528.88,9800.75,10882.56,12823.98,18167.72,
Puerto Rico,PRI,Scientific and technical journal articles,IP.JRN.ARTC.SC,,,,,,,,,,,,,,,,,,,,,,,,,,,,,,,,,,,,,,,,,384.3,415.45,437.09,545.96,509.31,566.69,695.26,677.4,699.84,666.44,715.21,635.55,638.95,579.81,620.74,594.95,607.6,576.23,515.42,
"Korea, Dem. Peopleâ€™s Rep.",PRK,Scientific and technical journal articles,IP.JRN.ARTC.SC,,,,,,,,,,,,,,,,,,,,,,,,,,,,,,,,,,,,,,,,,3.61,1.13,1.48,1.33,2.93,6.78,8.74,10.51,10.53,7.28,8.25,7.52,18.18,9.23,17.55,38.53,42.31,58.71,87.42,
Portugal,PRT,Scientific and technical journal articles,IP.JRN.ARTC.SC,,,,,,,,,,,,,,,,,,,,,,,,,,,,,,,,,,,,,,,,,3343.65,3828.88,4077.07,4630.46,5213.1,5916.67,7174.7,7654.28,8699.13,9536.74,10586.89,11925.05,12967.22,13974.07,14569.91,14691.23,14348.02,14391.44,14294.56,
Paraguay,PRY,Scientific and technical journal articles,IP.JRN.ARTC.SC,,,,,,,,,,,,,,,,,,,,,,,,,,,,,,,,,,,,,,,,,11.35,17.91,12.65,15.83,25.27,26.06,27.82,29.48,32.04,34.48,35.98,49.15,56.16,59.66,61.12,93.13,98.98,135.43,97.98,
West Bank and Gaza,PSE,Scientific and technical journal articles,IP.JRN.ARTC.SC,,,,,,,,,,,,,,,,,,,,,,,,,,,,,,,,,,,,,,,,,67.18,54.88,90.86,87.74,98.95,101.18,113.74,150,149.84,180.72,193.31,214.62,211.13,228.3,244.28,219.24,241.05,324.96,375.95,
Pacific island small states,PSS,Scientific and technical journal articles,IP.JRN.ARTC.SC,,,,,,,,,,,,,,,,,,,,,,,,,,,,,,,,,,,,,,,,,56.1005059013689,61.1205696213254,57.483068065459,70.2090517696059,86.2525024763539,103.99245089008,126.890896037735,115.792161741835,86.8340102199511,91.02,112.05466302909,97.5071577244466,89.4534395951799,112.483807345486,157.155976315071,155.420268151288,210.278564459187,186.700009344448,189.453491539551,
Post-demographic dividend,PST,Scientific and technical journal articles,IP.JRN.ARTC.SC,,,,,,,,,,,,,,,,,,,,,,,,,,,,,,,,,,,,,,,,,860519.899961909,869197.733654752,899950.193648662,930643.830054985,992783.81517434,1087497.61620837,1117872.61226009,1157278.84678732,1180546.38039826,1214789.42261308,1243316.56644905,1292551.74812717,1325087.81865471,1342929.98661722,1363110.69682827,1352040.17015405,1351563.49868551,1359236.88009237,1336298.34969713,
French Polynesia,PYF,Scientific and technical journal articles,IP.JRN.ARTC.SC,,,,,,,,,,,,,,,,,,,,,,,,,,,,,,,,,,,,,,,,,,,,,,,,,,,,,,,,,,,,
Qatar,QAT,Scientific and technical journal articles,IP.JRN.ARTC.SC,,,,,,,,,,,,,,,,,,,,,,,,,,,,,,,,,,,,,,,,,47.06,75.56,91.68,106.6,133.67,166.39,182.78,241.07,283.57,327.66,409.1,468.42,612.79,810.28,1123.97,1175.59,1389.03,1385.2,1502.58,
Romania,ROU,Scientific and technical journal articles,IP.JRN.ARTC.SC,,,,,,,,,,,,,,,,,,,,,,,,,,,,,,,,,,,,,,,,,2405.9,2425.92,2485.5,2712.26,2889.46,3547.17,3711.52,5250,7180.52,9040.43,10370,10055.14,10287.1,10122.54,10073.39,10917.79,10511.4,11039.56,10345.01,
Russian Federation,RUS,Scientific and technical journal articles,IP.JRN.ARTC.SC,,,,,,,,,,,,,,,,,,,,,,,,,,,,,,,,,,,,,,,,,32224.01,34401.47,34168.43,32967.31,32771.58,33184.3,29296.26,30268.45,31798.41,32520.93,33827.39,35924.38,35999.98,38412.1,44366.22,52176.06,62661.74,70825.09,81579.36,
Rwanda,RWA,Scientific and technical journal articles,IP.JRN.ARTC.SC,,,,,,,,,,,,,,,,,,,,,,,,,,,,,,,,,,,,,,,,,3.19,4.14,3.73,7.16,9.13,7.28,19.01,20.71,30,35.7,46.1,48.57,55.14,88.83,93.92,108.91,127.71,127.1,169.52,
South Asia,SAS,Scientific and technical journal articles,IP.JRN.ARTC.SC,,,,,,,,,,,,,,,,,,,,,,,,,,,,,,,,,,,,,,,,,23565.15,24946.69,27033.76,29847.95,32110.33,37100.92,42816.62,48863.35,55091.97,61863.1,70548.65,83008.02,90409.7,97142.87,107871.28,113844.2,126457.7,138108.56,154138.63,
Saudi Arabia,SAU,Scientific and technical journal articles,IP.JRN.ARTC.SC,,,,,,,,,,,,,,,,,,,,,,,,,,,,,,,,,,,,,,,,,1574.32,1566.25,1630.65,1750.05,1746.13,1767.14,1941.39,2068.13,2269.92,2903.56,3642.12,4878.75,5884.78,7257.8,8286.6,8949.36,9458.63,10041.39,10897.88,
Sudan,SDN,Scientific and technical journal articles,IP.JRN.ARTC.SC,,,,,,,,,,,,,,,,,,,,,,,,,,,,,,,,,,,,,,,,,69.66,64.18,71.02,86.57,103.9,102.94,110.97,140.16,171.18,222.57,255.95,294.8,266.98,342.67,236.6,259.18,376.74,324.18,397.77,
Senegal,SEN,Scientific and technical journal articles,IP.JRN.ARTC.SC,,,,,,,,,,,,,,,,,,,,,,,,,,,,,,,,,,,,,,,,,145.79,147.97,163.14,200.71,172.33,201.37,168.54,206.94,211.44,184.43,198.1,277.06,273.89,296.77,323.64,368.77,367.86,368.29,388.32,
Singapore,SGP,Scientific and technical journal articles,IP.JRN.ARTC.SC,,,,,,,,,,,,,,,,,,,,,,,,,,,,,,,,,,,,,,,,,4795.54,4903.43,5491.09,6104.85,7478.76,7982.14,8194.44,8281.13,8749.9,8985.24,9917.7,10212.4,10837.09,11057.36,11334.78,11416.75,11880.88,11840.57,11458.63,
Solomon Islands,SLB,Scientific and technical journal articles,IP.JRN.ARTC.SC,,,,,,,,,,,,,,,,,,,,,,,,,,,,,,,,,,,,,,,,,5.31,2.44,1.04,3.86,2.64,2.56,6.59,4.57,2.86,3.78,9.27,7.3,4.99,4.51,8.02,13.7,14.96,10.5,13.2,
Sierra Leone,SLE,Scientific and technical journal articles,IP.JRN.ARTC.SC,,,,,,,,,,,,,,,,,,,,,,,,,,,,,,,,,,,,,,,,,4.51,4.58,2.46,2.81,5.42,4.01,5.46,4.97,7.87,10.38,11.48,10.95,14.65,15.85,21.79,33.39,46.16,42.8,40.72,
El Salvador,SLV,Scientific and technical journal articles,IP.JRN.ARTC.SC,,,,,,,,,,,,,,,,,,,,,,,,,,,,,,,,,,,,,,,,,2.95,8.39,12.78,6.68,18.14,14.77,19.24,14.59,20.19,15.24,19.74,17.51,19.17,16.39,19.94,23.71,28.8,31.65,45.44,
San Marino,SMR,Scientific and technical journal articles,IP.JRN.ARTC.SC,,,,,,,,,,,,,,,,,,,,,,,,,,,,,,,,,,,,,,,,,1.5,1.09,0,0.17,0.58,1.33,0.67,2.92,3.76,1.21,1.3,2.33,3.66,7.03,5.15,7,8.56,11.61,10.81,
Somalia,SOM,Scientific and technical journal articles,IP.JRN.ARTC.SC,,,,,,,,,,,,,,,,,,,,,,,,,,,,,,,,,,,,,,,,,0.3,0,1.71,1.83,1.14,0,1.03,0,0.58,2.75,3.24,2.89,1.43,6.31,3.82,4.45,3.34,12.23,9.74,
Serbia,SRB,Scientific and technical journal articles,IP.JRN.ARTC.SC,,,,,,,,,,,,,,,,,,,,,,,,,,,,,,,,,,,,,,,,,0,0,0,0,0,0,0,2875.14,3024.86,3620.34,3988.03,4759.4,5879.6,5242.49,5052.69,4872.66,4982.05,4916.94,4523.42,
Sub-Saharan Africa (excluding high income),SSA,Scientific and technical journal articles,IP.JRN.ARTC.SC,,,,,,,,,,,,,,,,,,,,,,,,,,,,,,,,,,,,,,,,,7218.91706776802,7589.26197553026,8209.15888006152,8323.07465905559,9231.83143821859,10033.7829737274,11444.1233977419,12357.5464597341,12923.5846713293,14746.0514610715,15947.6315636683,17316.8914672767,18195.4243148759,19511.8107682168,21408.1717460797,22420.7343977884,24702.6482699772,26989.6627096248,29342.6444884069,
South Sudan,SSD,Scientific and technical journal articles,IP.JRN.ARTC.SC,,,,,,,,,,,,,,,,,,,,,,,,,,,,,,,,,,,,,,,,,0,0,0,0,0,0,0,0,0,0,0,1.62,3.42,9.8,5.51,5.51,2.01,6.4,9.08,
Sub-Saharan Africa,SSF,Scientific and technical journal articles,IP.JRN.ARTC.SC,,,,,,,,,,,,,,,,,,,,,,,,,,,,,,,,,,,,,,,,,7279.3559515734,7641.07992695448,8280.79716394994,8380.25550599645,9294.61068085831,10109.861557779,11514.5207496897,12424.5277720676,13002.3024266896,14833.2847300376,16046.9729413349,17389.4265567776,18322.786262994,19655.1436044702,21540.0320487345,22559.3647737398,24876.9410676797,27169.6946165452,29479.1100079949,
Small states,SST,Scientific and technical journal articles,IP.JRN.ARTC.SC,,,,,,,,,,,,,,,,,,,,,,,,,,,,,,,,,,,,,,,,,1634.14288812395,1849.96805852898,1981.97216372869,2111.91460647563,2414.75488358682,2764.51677639643,3090.11868149392,3455.06710238446,3773.14562179596,4143.71,4733.83923647193,4872.59503737084,5420.38127319417,5947.34847658464,6681.86971961508,6450.61951034104,7257.65963469147,7523.46605456801,7736.44529909575,
Sao Tome and Principe,STP,Scientific and technical journal articles,IP.JRN.ARTC.SC,,,,,,,,,,,,,,,,,,,,,,,,,,,,,,,,,,,,,,,,,0.37,0.83,0.78,1.77,0.58,0.25,0.97,1.31,0,1.78,2.23,0,0.52,1.16,1.24,1.42,0.87,0.88,0.73,
Suriname,SUR,Scientific and technical journal articles,IP.JRN.ARTC.SC,,,,,,,,,,,,,,,,,,,,,,,,,,,,,,,,,,,,,,,,,2.62,4.27,3.47,3.4,4.58,4.82,5.22,5.83,5.1,5.53,4.66,4.21,9.51,15.87,7.17,13.21,21.64,15.91,17.38,
Slovak Republic,SVK,Scientific and technical journal articles,IP.JRN.ARTC.SC,,,,,,,,,,,,,,,,,,,,,,,,,,,,,,,,,,,,,,,,,2103.78,2090.61,2094.84,2134.17,2275.89,2509.56,2591.54,2803.45,3282.6,3112.35,3567.05,3847.77,4225.7,4466.05,5007.44,5062.13,5492.66,5787.12,5321.6,
Slovenia,SVN,Scientific and technical journal articles,IP.JRN.ARTC.SC,,,,,,,,,,,,,,,,,,,,,,,,,,,,,,,,,,,,,,,,,1664.59,1632.95,1773.32,2095.96,1871.99,2300.1,2332.91,2688.84,2985.24,3143.24,3172.78,3613.96,3534.43,3535.77,3501.8,3557.71,3357.55,3448.68,3206.15,
Sweden,SWE,Scientific and technical journal articles,IP.JRN.ARTC.SC,,,,,,,,,,,,,,,,,,,,,,,,,,,,,,,,,,,,,,,,,14548.78,14738.29,14571.2,14795.43,15321.32,16487.74,16683.43,16771.1,16682.9,17465.57,17760.44,18368.45,19365.66,20069.72,21116.43,20858.16,20860.65,20768.71,20420.56,
Eswatini,SWZ,Scientific and technical journal articles,IP.JRN.ARTC.SC,,,,,,,,,,,,,,,,,,,,,,,,,,,,,,,,,,,,,,,,,6.75,5.14,12.32,7.27,11.85,14.82,12.22,7.75,11.69,15.68,25.07,22.06,18.41,21.04,14.25,20.08,21.26,33.12,34.05,
Sint Maarten (Dutch part),SXM,Scientific and technical journal articles,IP.JRN.ARTC.SC,,,,,,,,,,,,,,,,,,,,,,,,,,,,,,,,,,,,,,,,,,,,,,,,,,,,,,,,,,,,
Seychelles,SYC,Scientific and technical journal articles,IP.JRN.ARTC.SC,,,,,,,,,,,,,,,,,,,,,,,,,,,,,,,,,,,,,,,,,5.16,2.9,5.92,9.6,5.04,4.91,8.76,12.34,10.65,6.56,11.83,9.7,10,16.91,9.64,19.11,12.13,11.71,9.53,
Syrian Arab Republic,SYR,Scientific and technical journal articles,IP.JRN.ARTC.SC,,,,,,,,,,,,,,,,,,,,,,,,,,,,,,,,,,,,,,,,,99.34,93.8,84.33,104.17,133.72,144.25,131.93,153.03,200.38,160.56,232.13,269.25,301.62,256.62,245.73,266.69,275.54,263.85,274.65,
Turks and Caicos Islands,TCA,Scientific and technical journal articles,IP.JRN.ARTC.SC,,,,,,,,,,,,,,,,,,,,,,,,,,,,,,,,,,,,,,,,,,,,,,,,,,,,,,,,,,,,
Chad,TCD,Scientific and technical journal articles,IP.JRN.ARTC.SC,,,,,,,,,,,,,,,,,,,,,,,,,,,,,,,,,,,,,,,,,3.04,3.51,4.78,4.89,11.68,9.24,10.91,4.52,6.54,9.25,4.17,7.78,5.86,5.55,7.66,12.36,12.07,16.35,15.45,
East Asia & Pacific (IDA & IBRD countries),TEA,Scientific and technical journal articles,IP.JRN.ARTC.SC,,,,,,,,,,,,,,,,,,,,,,,,,,,,,,,,,,,,,,,,,57169.6738686108,74463.62281797,78844.7430272564,92268.0170855624,126610.470359858,173113.869748516,199445.977225554,226084.055246953,263082.197204924,303367.97,334231.977124986,352420.307958034,356093.241584462,388809.842010312,423135.699505842,444220.441112319,481375.833455506,527371.024610408,598781.99430049,
Europe & Central Asia (IDA & IBRD countries),TEC,Scientific and technical journal articles,IP.JRN.ARTC.SC,,,,,,,,,,,,,,,,,,,,,,,,,,,,,,,,,,,,,,,,,68279.4770236506,75182.9939378321,78350.7811010893,81123.3750523694,86481.2260834365,92278.4145234694,90913.1528405753,97554.2805268501,103780.12,110924.38,116539.68,122187.56,127441.88,134163.08,142386.47,154082.11,169774.35,178816.3,191667.3,
Togo,TGO,Scientific and technical journal articles,IP.JRN.ARTC.SC,,,,,,,,,,,,,,,,,,,,,,,,,,,,,,,,,,,,,,,,,30.61,26.48,20.14,26.08,23.1,24.98,29.92,30.98,44.31,42.37,49.47,50.1,47.55,62.72,83.72,83.17,77.05,72.26,86.06,
Thailand,THA,Scientific and technical journal articles,IP.JRN.ARTC.SC,,,,,,,,,,,,,,,,,,,,,,,,,,,,,,,,,,,,,,,,,1659.32,1790.96,2145.65,2322.32,2732.72,3582.79,4347.22,4880.91,5578.65,6010.63,6876.96,7332.78,7660.64,7720.57,8358.95,8706.83,9740.11,11151.54,12513.75,
Tajikistan,TJK,Scientific and technical journal articles,IP.JRN.ARTC.SC,,,,,,,,,,,,,,,,,,,,,,,,,,,,,,,,,,,,,,,,,33.22,32.09,37.12,33.22,38.65,30.78,27.66,32.13,32.04,23.55,41.1,41.11,47.19,63.09,39.9,57.76,50.42,60.76,62.4,
Turkmenistan,TKM,Scientific and technical journal articles,IP.JRN.ARTC.SC,,,,,,,,,,,,,,,,,,,,,,,,,,,,,,,,,,,,,,,,,6.23,5.27,5.11,3.95,4.5,3.18,3.84,4.87,1.58,3.01,5.88,12.23,13.33,6.85,18.89,6.2,2.98,7.93,3.69,
Latin America & the Caribbean (IDA & IBRD countries),TLA,Scientific and technical journal articles,IP.JRN.ARTC.SC,,,,,,,,,,,,,,,,,,,,,,,,,,,,,,,,,,,,,,,,,26330.6336327649,28250.9361381845,31946.5517085879,34158.4807487392,37436.8945045841,41986.891959881,50930.4476456129,54498.9099643011,62020.3035126495,66793.69,71353.27,75768.88,81932.72,85435.61,91048.65,92060.2899999999,97346.5599999999,102555.75,106588.64,
Timor-Leste,TLS,Scientific and technical journal articles,IP.JRN.ARTC.SC,,,,,,,,,,,,,,,,,,,,,,,,,,,,,,,,,,,,,,,,,0,0,0,1.67,0,2.03,3.54,3.29,1.28,1.63,1.1,3.06,6,6.29,12.59,8.33,8.71,14.95,13.92,
Middle East & North Africa (IDA & IBRD countries),TMN,Scientific and technical journal articles,IP.JRN.ARTC.SC,,,,,,,,,,,,,,,,,,,,,,,,,,,,,,,,,,,,,,,,,7375.5,8331.22,9469.97,11313.41,13470.03,16011,20336.44,24964.08,30408.11,36558.14,42662.41,50457.19,53477.17,55947.19,60848.66,63458.72,72713.34,80233.57,88542.52,
Tonga,TON,Scientific and technical journal articles,IP.JRN.ARTC.SC,,,,,,,,,,,,,,,,,,,,,,,,,,,,,,,,,,,,,,,,,2.33,0.75,1.83,1.59,3.13,0.68,4.66,1.76,0.46,2.39,1.39,1.95,1.83,1.63,0.88,2.83,2.34,4.72,4.82,
South Asia (IDA & IBRD),TSA,Scientific and technical journal articles,IP.JRN.ARTC.SC,,,,,,,,,,,,,,,,,,,,,,,,,,,,,,,,,,,,,,,,,23565.15,24946.69,27033.76,29847.95,32110.33,37100.92,42816.62,48863.35,55091.97,61863.1,70548.65,83008.02,90409.7,97142.87,107871.28,113844.2,126457.7,138108.56,154138.63,
Sub-Saharan Africa (IDA & IBRD countries),TSS,Scientific and technical journal articles,IP.JRN.ARTC.SC,,,,,,,,,,,,,,,,,,,,,,,,,,,,,,,,,,,,,,,,,7279.3559515734,7641.07992695448,8280.79716394994,8380.25550599644,9294.61068085831,10109.861557779,11514.5207496897,12424.5277720676,13002.3024266896,14833.2847300376,16046.9729413349,17389.4265567776,18322.786262994,19655.1436044702,21540.0320487345,22559.3647737398,24876.9410676797,27169.6946165452,29479.1100079949,
Trinidad and Tobago,TTO,Scientific and technical journal articles,IP.JRN.ARTC.SC,,,,,,,,,,,,,,,,,,,,,,,,,,,,,,,,,,,,,,,,,88.93,109.84,112.99,120.05,132.38,176.05,135,168.21,162.16,211.21,215.56,224.75,206.5,166.43,255.47,151.05,208.8,212.07,211.21,
Tunisia,TUN,Scientific and technical journal articles,IP.JRN.ARTC.SC,,,,,,,,,,,,,,,,,,,,,,,,,,,,,,,,,,,,,,,,,649.05,796.16,979.98,1065.98,1351.7,1716.89,1975.6,2338.97,2775.88,3224.32,3509.7,3748.72,3913.32,4323.48,4615.19,5072.55,5444.97,5877.04,5564.86,
Turkey,TUR,Scientific and technical journal articles,IP.JRN.ARTC.SC,,,,,,,,,,,,,,,,,,,,,,,,,,,,,,,,,,,,,,,,,6830.23,8592.57,10952.63,13450.12,16021.82,17823.28,19688.7,21729.57,22100.91,25155.09,26486.52,27305.85,28451.45,30813.42,31592.93,33233.85,35510.17,33836.33,33535.8,
Tuvalu,TUV,Scientific and technical journal articles,IP.JRN.ARTC.SC,,,,,,,,,,,,,,,,,,,,,,,,,,,,,,,,,,,,,,,,,0,1,0,0.6,0.61,0,1.27,0.37,0.33,0.25,0,0.5,0.04,0.33,1.13,1.09,0.41,0.65,1.48,
Tanzania,TZA,Scientific and technical journal articles,IP.JRN.ARTC.SC,,,,,,,,,,,,,,,,,,,,,,,,,,,,,,,,,,,,,,,,,151.68,129.98,152.4,168.29,187.92,217.73,281.5,311.92,295.55,312.31,359.13,404.9,392.56,406.66,536.72,542.27,559.83,610.37,602.71,
Uganda,UGA,Scientific and technical journal articles,IP.JRN.ARTC.SC,,,,,,,,,,,,,,,,,,,,,,,,,,,,,,,,,,,,,,,,,131.35,136.21,131.5,140.62,207.61,216.03,210.8,273.35,253.98,310.79,406.1,419.09,458.9,484.59,518.21,611.13,599.27,637.56,673.07,
Ukraine,UKR,Scientific and technical journal articles,IP.JRN.ARTC.SC,,,,,,,,,,,,,,,,,,,,,,,,,,,,,,,,,,,,,,,,,5391.6,6678.51,5922.16,5738.81,5715.04,5941.91,5293.69,5488.86,5881.14,5600.68,5963.76,6262.71,6654.4,7356.73,7237.53,7272.89,7853.62,8977.67,10379.89,
Upper middle income,UMC,Scientific and technical journal articles,IP.JRN.ARTC.SC,,,,,,,,,,,,,,,,,,,,,,,,,,,,,,,,,,,,,,,,,132625.35457631,156514.682986113,167622.649864233,185616.794960583,227955.475455671,284330.752738557,321062.658872878,358609.317091408,408674.517304353,463458.240762515,506875.389160235,539850.201500593,553153.438518822,594990.329703895,644484.030329545,676672.320598229,738111.75997442,802081.032030252,893168.998788705,
Uruguay,URY,Scientific and technical journal articles,IP.JRN.ARTC.SC,,,,,,,,,,,,,,,,,,,,,,,,,,,,,,,,,,,,,,,,,223.82,233.94,275.16,281.74,309.75,353.69,355.82,386.69,440.38,483.26,506.87,587.07,585.14,594.76,746.83,688.05,841.83,788.62,852.23,
United States,USA,Scientific and technical journal articles,IP.JRN.ARTC.SC,,,,,,,,,,,,,,,,,,,,,,,,,,,,,,,,,,,,,,,,,304781.56,305612.91,319307.62,329398.86,353853.49,384572.94,385515,391909.59,393978.95,399350.31,408817.1,423958.81,427996.8,429570.05,433192.28,429988.89,427264.63,432216.49,422807.71,
Uzbekistan,UZB,Scientific and technical journal articles,IP.JRN.ARTC.SC,,,,,,,,,,,,,,,,,,,,,,,,,,,,,,,,,,,,,,,,,357.72,400.91,348.19,296.39,363.54,332.55,288.03,346.5,302.83,338.72,391.74,378.47,327.7,347.23,337.28,294.97,382.23,338.75,353.91,
St. Vincent and the Grenadines,VCT,Scientific and technical journal articles,IP.JRN.ARTC.SC,,,,,,,,,,,,,,,,,,,,,,,,,,,,,,,,,,,,,,,,,0.42,0,0.12,0.83,0.13,1.33,0.7,1.6,0,1.63,1.02,0.05,0.92,2.2,1.51,0.46,2.42,3.71,1.22,
"Venezuela, RB",VEN,Scientific and technical journal articles,IP.JRN.ARTC.SC,,,,,,,,,,,,,,,,,,,,,,,,,,,,,,,,,,,,,,,,,1035.17,1031.63,1066.42,1156.68,1088.07,1283.91,1330.2,1410.33,1645.37,1666.29,1484.42,1282.23,1357.53,1223.11,1234.15,992.62,888.26,840.01,639.03,
British Virgin Islands,VGB,Scientific and technical journal articles,IP.JRN.ARTC.SC,,,,,,,,,,,,,,,,,,,,,,,,,,,,,,,,,,,,,,,,,,,,,,,,,,,,,,,,,,,,
Virgin Islands (U.S.),VIR,Scientific and technical journal articles,IP.JRN.ARTC.SC,,,,,,,,,,,,,,,,,,,,,,,,,,,,,,,,,,,,,,,,,,,,,,,,,,,,,,,,,,,,
Vietnam,VNM,Scientific and technical journal articles,IP.JRN.ARTC.SC,,,,,,,,,,,,,,,,,,,,,,,,,,,,,,,,,,,,,,,,,201.25,241.82,233.68,300.66,338.81,402.45,458.48,521.62,783.58,891.22,1100.36,1221.39,1574.82,1893.06,2017.61,2299.45,3063.59,3343.23,4286.48,
Vanuatu,VUT,Scientific and technical journal articles,IP.JRN.ARTC.SC,,,,,,,,,,,,,,,,,,,,,,,,,,,,,,,,,,,,,,,,,3.82,3.17,5.48,6.53,9.81,12.48,5.68,2.61,4.15,4.89,7.08,7.88,6.4,7.82,8.33,10.63,13.13,10.46,6.45,
World,WLD,Scientific and technical journal articles,IP.JRN.ARTC.SC,,,,,,,,,,,,,,,,,,,,,,,,,,,,,,,,,,,,,,,,,1067910.33969416,1105881.95390896,1153759.44802548,1209556.86007409,1324239.74280304,1488551.18338893,1569368.99419693,1660543.03510222,1749903.55601664,1853966.53374904,1943521.45458385,2043639.60436061,2102913.30915317,2175429.20200443,2263604.393071,2294557.66171785,2376419.91378038,2464455.02522463,2554373.36151358,
Samoa,WSM,Scientific and technical journal articles,IP.JRN.ARTC.SC,,,,,,,,,,,,,,,,,,,,,,,,,,,,,,,,,,,,,,,,,6.67,7.84,7.53,4.82,4.85,4.59,12.88,4.61,2.63,5.38,5.65,5.65,2.51,4.33,12.1,11.17,7.37,10.22,11.05,
Kosovo,XKX,Scientific and technical journal articles,IP.JRN.ARTC.SC,,,,,,,,,,,,,,,,,,,,,,,,,,,,,,,,,,,,,,,,,0,0,0,0,0,0,0,0,56.5,101.32,118.29,106.73,113.4,123.34,122.23,136.84,187.91,261.45,278.43,
"Yemen, Rep.",YEM,Scientific and technical journal articles,IP.JRN.ARTC.SC,,,,,,,,,,,,,,,,,,,,,,,,,,,,,,,,,,,,,,,,,22.83,42.49,27.13,33.84,41.15,48.32,54.68,45.48,62.28,83.94,101.77,105.17,106.85,118.75,139.9,107.34,119.49,126.37,137.44,
South Africa,ZAF,Scientific and technical journal articles,IP.JRN.ARTC.SC,,,,,,,,,,,,,,,,,,,,,,,,,,,,,,,,,,,,,,,,,3897.55,4099.38,4413.16,4267.39,4831.02,5174.46,5715.98,5938.9,6343.81,7114.73,7601.07,8293.8,9105.71,9709.05,10349.9,10964.38,12045.47,12846.08,13008.74,
Zambia,ZMB,Scientific and technical journal articles,IP.JRN.ARTC.SC,,,,,,,,,,,,,,,,,,,,,,,,,,,,,,,,,,,,,,,,,33.6,51.96,61.54,47.78,42.84,60.19,67.37,69.27,92.07,76.52,89.14,101.03,106.12,119.47,134.46,157.23,181.66,209.45,213.07,
Zimbabwe,ZWE,Scientific and technical journal articles,IP.JRN.ARTC.SC,,,,,,,,,,,,,,,,,,,,,,,,,,,,,,,,,,,,,,,,,231.01,213.85,165.61,180.57,138.17,139.5,172.45,185.25,125.81,117.14,151.36,147.07,202.94,223.58,273,268.98,313.8,340.45,359.33,
